Name,Username,Email Address
Alex Rosenberg,arosenberg,arosenberg@gmail.com
Deetta Laforce,dlaforce,dlaforce@salestech.net
Tonette Mossey,tmossey,tmossey@gmail.com
Luanne Keaton,lkeaton,lkeaton@sandalsoft.com
Lisha Mcgruder,lmcgruder,lmcgruder@omegagroup.com
Madelaine Ratledge,mratledge,mratledge@sandalsoft.com
Demetrice Basilio,dbasilio,dbasilio@sandalsoft.com
Natalya Segers,nsegers,nsegers@errare-est.com
Idalia Feggins,ifeggins,ifeggins@yahoo.com
Arron Shadle,ashadle,ashadle@blueturf.com
Daphne Lofgren,dlofgren,dlofgren@omegagroup.com
Tiana Thole,tthole,tthole@filsdaput.com
Lorene Berber,lberber,lberber@filsdaput.com
Beth Giberson,bgiberson,bgiberson@errare-est.com
Rob Alatorre,ralatorre,ralatorre@filsdaput.com
Missy Schiller,mschiller,mschiller@omegagroup.com
Nicola Bird,nbird,nbird@errare-est.com
Marlys Lakey,mlakey,mlakey@omegagroup.com
Nova Shimp,nshimp,nshimp@salestech.net
Sofia Gunderman,sgunderman,sgunderman@atlasdev.io
Regina Berube,rberube,rberube@omegagroup.com
Sybil Baugh,sbaugh,sbaugh@errare-est.com
Raleigh Summers,rsummers,rsummers@atlasdev.io
Adella Razor,arazor,arazor@filsdaput.com
Rico Heroux,rheroux,rheroux@printshot.net
Jone Castle,jcastle,jcastle@sandalsoft.com
Christoper Vales,cvales,cvales@salestech.net
Kraig Schill,kschill,kschill@blueturf.com
Lavinia Cebula,lcebula,lcebula@omegagroup.com
Yer Longfellow,ylongfellow,ylongfellow@sandalsoft.com
Fabian Schrimsher,fschrimsher,fschrimsher@filsdaput.com
Lida Jeffcoat,ljeffcoat,ljeffcoat@sandalsoft.com
Lyndia Kirkendoll,lkirkendoll,lkirkendoll@salestech.net
Arline Towns,atowns,atowns@omegagroup.com
Modesto Bowsher,mbowsher,mbowsher@filsdaput.com
Kittie Edmund,kedmund,kedmund@atlasdev.io
Tillie Rossbach,trossbach,trossbach@salestech.net
Petra Wetter,pwetter,pwetter@errare-est.com
Salena Mayer,smayer,smayer@gmail.com
Thomas Hipps,thipps,thipps@blueturf.com
Julienne Biermann,jbiermann,jbiermann@atlasdev.io
Ammie Ertle,aertle,aertle@printshot.net
Rochell Waterhouse,rwaterhouse,rwaterhouse@filsdaput.com
Niesha Hilger,nhilger,nhilger@errare-est.com
Marcelina Roysden,mroysden,mroysden@salestech.net
Nida Arsenault,narsenault,narsenault@filsdaput.com
Zoraida Midkiff,zmidkiff,zmidkiff@omegagroup.com
Nadene Berends,nberends,nberends@salestech.net
Jeramy Ropp,jropp,jropp@omegagroup.com
Sharolyn Hollabaugh,shollabaugh,shollabaugh@atlasdev.io
Kathleen Stetson,kstetson,kstetson@blueturf.com
Dawne Clendening,dclendening,dclendening@filsdaput.com
Delicia Bryne,dbryne,dbryne@sandalsoft.com
Marybeth Stricker,mstricker,mstricker@salestech.net
Bryanna Infantino,binfantino,binfantino@errare-est.com
Eliza Nicoletti,enicoletti,enicoletti@filsdaput.com
Jewell Beck,jbeck,jbeck@filsdaput.com
Roscoe Garst,rgarst,rgarst@atlasdev.io
Jacquie Marie,jmarie,jmarie@sandalsoft.com
Gudrun Edmond,gedmond,gedmond@errare-est.com
Katelin Spinelli,kspinelli,kspinelli@printshot.net
Shelba Bucy,sbucy,sbucy@filsdaput.com
Eliseo Duquette,eduquette,eduquette@filsdaput.com
Lael Marbury,lmarbury,lmarbury@salestech.net
Katharine Primmer,kprimmer,kprimmer@blueturf.com
Ken Jarman,kjarman,kjarman@gmail.com
Na Parrent,nparrent,nparrent@sandalsoft.com
Vanda Ping,vping,vping@sandalsoft.com
Harley Gehringer,hgehringer,hgehringer@errare-est.com
Maureen Barrentine,mbarrentine,mbarrentine@printshot.net
Kareen Byrns,kbyrns,kbyrns@yahoo.com
Monika Fierros,mfierros,mfierros@omegagroup.com
Yer Pawlik,ypawlik,ypawlik@filsdaput.com
Tamika Chumley,tchumley,tchumley@errare-est.com
Audrea Simeon,asimeon,asimeon@atlasdev.io
Natashia Demyan,ndemyan,ndemyan@blueturf.com
Sherise Mccumber,smccumber,smccumber@sandalsoft.com
Brice Bjork,bbjork,bbjork@yahoo.com
Javier Masiello,jmasiello,jmasiello@omegagroup.com
Chanell Nunnally,cnunnally,cnunnally@blueturf.com
Heidy Corner,hcorner,hcorner@gmail.com
Kerrie Bredeson,kbredeson,kbredeson@gmail.com
Lakesha Maner,lmaner,lmaner@filsdaput.com
Manie Robins,mrobins,mrobins@atlasdev.io
Dante Rehberg,drehberg,drehberg@printshot.net
Angelique Nilsson,anilsson,anilsson@errare-est.com
Melony Markus,mmarkus,mmarkus@omegagroup.com
Irish Giltner,igiltner,igiltner@filsdaput.com
Janise Krider,jkrider,jkrider@salestech.net
Kymberly Leonardo,kleonardo,kleonardo@sandalsoft.com
Raul Marcotte,rmarcotte,rmarcotte@errare-est.com
Denver Weglarz,dweglarz,dweglarz@blueturf.com
Rosy Glad,rglad,rglad@blueturf.com
Emmitt Weiss,eweiss,eweiss@sandalsoft.com
Landon Cardoso,lcardoso,lcardoso@blueturf.com
Fidela Henke,fhenke,fhenke@yahoo.com
Zofia Mariner,zmariner,zmariner@yahoo.com
Nga Beier,nbeier,nbeier@blueturf.com
Jeffrey Sharrock,jsharrock,jsharrock@printshot.net
Fletcher Arnhold,farnhold,farnhold@salestech.net
Annabel Westrick,awestrick,awestrick@printshot.net
Numbers Mcclane,nmcclane,nmcclane@printshot.net
Cristopher Bosley,cbosley,cbosley@printshot.net
Gaynelle Bush,gbush,gbush@sandalsoft.com
Lemuel Aitken,laitken,laitken@gmail.com
Narcisa Racette,nracette,nracette@gmail.com
Bettina Brautigam,bbrautigam,bbrautigam@printshot.net
Cyrstal Loch,cloch,cloch@blueturf.com
Tanisha Cripe,tcripe,tcripe@yahoo.com
Hilda Roseboro,hroseboro,hroseboro@salestech.net
Glendora Mackson,gmackson,gmackson@atlasdev.io
Beverlee Ralston,bralston,bralston@atlasdev.io
Misti Monaco,mmonaco,mmonaco@atlasdev.io
Patrice Imburgia,pimburgia,pimburgia@yahoo.com
Peter Bever,pbever,pbever@filsdaput.com
Derick Laurel,dlaurel,dlaurel@filsdaput.com
Evonne Micek,emicek,emicek@sandalsoft.com
Bula Terpstra,bterpstra,bterpstra@gmail.com
Trinh Eames,teames,teames@errare-est.com
Leonarda Aldridge,laldridge,laldridge@errare-est.com
Thanh Woodside,twoodside,twoodside@atlasdev.io
Shirlee Thaler,sthaler,sthaler@filsdaput.com
Marian Drago,mdrago,mdrago@blueturf.com
Aaron Sieg,asieg,asieg@filsdaput.com
Shelby Baumgartner,sbaumgartner,sbaumgartner@sandalsoft.com
Angele Rawling,arawling,arawling@blueturf.com
Felicidad Glidden,fglidden,fglidden@blueturf.com
Junie Julius,jjulius,jjulius@yahoo.com
Melda Negrete,mnegrete,mnegrete@errare-est.com
Tami Scalzo,tscalzo,tscalzo@gmail.com
Christena Keough,ckeough,ckeough@printshot.net
Isa Naquin,inaquin,inaquin@sandalsoft.com
Nydia Neuner,nneuner,nneuner@errare-est.com
Laree Mcilvain,lmcilvain,lmcilvain@filsdaput.com
Amparo Joe,ajoe,ajoe@salestech.net
Lulu Cisco,lcisco,lcisco@omegagroup.com
Loma Mahony,lmahony,lmahony@filsdaput.com
Joaquin Mosqueda,jmosqueda,jmosqueda@gmail.com
Keena Isabel,kisabel,kisabel@atlasdev.io
Alise Summers,asummers,asummers@blueturf.com
Hilario Beaton,hbeaton,hbeaton@yahoo.com
Karla Bradley,kbradley,kbradley@blueturf.com
Nia Done,ndone,ndone@yahoo.com
Clair Hickle,chickle,chickle@blueturf.com
Cassi Anthony,canthony,canthony@yahoo.com
Francie Laffey,flaffey,flaffey@omegagroup.com
Marci Cordero,mcordero,mcordero@sandalsoft.com
Sandie Delaughter,sdelaughter,sdelaughter@yahoo.com
Alla Furlough,afurlough,afurlough@salestech.net
Annika Sheaffer,asheaffer,asheaffer@gmail.com
Mel Demko,mdemko,mdemko@salestech.net
Lacie Drumm,ldrumm,ldrumm@errare-est.com
Deloras Hamill,dhamill,dhamill@gmail.com
Particia Twyman,ptwyman,ptwyman@sandalsoft.com
Pierre Odle,podle,podle@printshot.net
Thomasine Valasquez,tvalasquez,tvalasquez@errare-est.com
Verdell Dodson,vdodson,vdodson@yahoo.com
Velvet Trotter,vtrotter,vtrotter@gmail.com
Bruno Kees,bkees,bkees@printshot.net
Rosa Griffing,rgriffing,rgriffing@printshot.net
Verda Castiglione,vcastiglione,vcastiglione@atlasdev.io
Maryanne Ashman,mashman,mashman@salestech.net
Luella Mckown,lmckown,lmckown@printshot.net
Danyel Stumpf,dstumpf,dstumpf@errare-est.com
Cordie Heller,cheller,cheller@filsdaput.com
Alma Swicegood,aswicegood,aswicegood@salestech.net
Paz Medcalf,pmedcalf,pmedcalf@filsdaput.com
Garnet Albrecht,galbrecht,galbrecht@salestech.net
Coleman Pollitt,cpollitt,cpollitt@gmail.com
Brandon Budde,bbudde,bbudde@blueturf.com
Lennie Pittman,lpittman,lpittman@filsdaput.com
Crystal Rios,crios,crios@yahoo.com
Keren Mensch,kmensch,kmensch@blueturf.com
Meghan Panos,mpanos,mpanos@gmail.com
Rocco Welles,rwelles,rwelles@sandalsoft.com
Donnetta Puskar,dpuskar,dpuskar@yahoo.com
Edyth Saladino,esaladino,esaladino@sandalsoft.com
Lolita Sherrill,lsherrill,lsherrill@blueturf.com
Adriane Gurney,agurney,agurney@printshot.net
Izola Howard,ihoward,ihoward@yahoo.com
Lawerence Bartz,lbartz,lbartz@sandalsoft.com
Yoko Pfeil,ypfeil,ypfeil@filsdaput.com
Candance Trott,ctrott,ctrott@atlasdev.io
Adrianna Roland,aroland,aroland@atlasdev.io
Earleen Gaulding,egaulding,egaulding@errare-est.com
Earlene Crosby,ecrosby,ecrosby@omegagroup.com
Vernon Saddler,vsaddler,vsaddler@printshot.net
Mitchel Talton,mtalton,mtalton@errare-est.com
Serafina Ballantine,sballantine,sballantine@printshot.net
Nancy Collier,ncollier,ncollier@sandalsoft.com
Marielle Liebsch,mliebsch,mliebsch@gmail.com
Ken Dejean,kdejean,kdejean@sandalsoft.com
Wen Orona,worona,worona@errare-est.com
Sarah Plath,splath,splath@salestech.net
Abby Millan,amillan,amillan@sandalsoft.com
Trena Kehrer,tkehrer,tkehrer@yahoo.com
Alisha Mcquire,amcquire,amcquire@printshot.net
Veta Finnen,vfinnen,vfinnen@omegagroup.com
Susanna Pedersen,spedersen,spedersen@sandalsoft.com
Kirby Mcanulty,kmcanulty,kmcanulty@errare-est.com
Lia Lipham,llipham,llipham@salestech.net
Elanor Heady,eheady,eheady@sandalsoft.com
Kylie Riemann,kriemann,kriemann@salestech.net
Judy Spotts,jspotts,jspotts@blueturf.com
Alease Wilmer,awilmer,awilmer@filsdaput.com
Elva Ory,eory,eory@blueturf.com
Deangelo Goetsch,dgoetsch,dgoetsch@blueturf.com
Brandee Piatt,bpiatt,bpiatt@atlasdev.io
Vanna Cyr,vcyr,vcyr@blueturf.com
Eusebio Knapik,eknapik,eknapik@sandalsoft.com
Cristi Gillman,cgillman,cgillman@sandalsoft.com
Jodee Weintraub,jweintraub,jweintraub@gmail.com
Yukiko Balli,yballi,yballi@omegagroup.com
Samatha Saner,ssaner,ssaner@filsdaput.com
Diedre Walla,dwalla,dwalla@filsdaput.com
Sena Trussell,strussell,strussell@yahoo.com
Tawnya Shadle,tshadle,tshadle@omegagroup.com
Jen Engman,jengman,jengman@errare-est.com
Evelin Bousquet,ebousquet,ebousquet@gmail.com
Jae Every,jevery,jevery@yahoo.com
Roxanne Horman,rhorman,rhorman@gmail.com
Suzann Saulnier,ssaulnier,ssaulnier@filsdaput.com
Ella Flemister,eflemister,eflemister@filsdaput.com
Arianna Bankhead,abankhead,abankhead@yahoo.com
Kindra Knopf,kknopf,kknopf@filsdaput.com
Jamal Lamanna,jlamanna,jlamanna@yahoo.com
Reginald Leftwich,rleftwich,rleftwich@salestech.net
Clora Ciulla,cciulla,cciulla@sandalsoft.com
Erick Kissee,ekissee,ekissee@gmail.com
Summer Wedding,swedding,swedding@salestech.net
Adell Mattoon,amattoon,amattoon@printshot.net
Florentina Zamudio,fzamudio,fzamudio@atlasdev.io
Nicki Whidden,nwhidden,nwhidden@yahoo.com
Malik Tercero,mtercero,mtercero@errare-est.com
Season Pulliam,spulliam,spulliam@gmail.com
Valentine Courtemanche,vcourtemanche,vcourtemanche@errare-est.com
Maragaret Lehrer,mlehrer,mlehrer@sandalsoft.com
Toni Medley,tmedley,tmedley@blueturf.com
Cecilia Wendel,cwendel,cwendel@omegagroup.com
Clay Shaughnessy,cshaughnessy,cshaughnessy@blueturf.com
Wm Piano,wpiano,wpiano@gmail.com
Anjanette Zell,azell,azell@filsdaput.com
Norah Witten,nwitten,nwitten@printshot.net
Song Rowell,srowell,srowell@errare-est.com
Tai Boulden,tboulden,tboulden@yahoo.com
Collin Marcum,cmarcum,cmarcum@yahoo.com
Dawn Chavarin,dchavarin,dchavarin@blueturf.com
Delaine Whicker,dwhicker,dwhicker@filsdaput.com
Elanor Borowski,eborowski,eborowski@atlasdev.io
Joannie Peltz,jpeltz,jpeltz@sandalsoft.com
Maryland Simonson,msimonson,msimonson@blueturf.com
Christin Shannon,cshannon,cshannon@filsdaput.com
Sherlene Burges,sburges,sburges@atlasdev.io
Kim Nalls,knalls,knalls@yahoo.com
Ivory Limberg,ilimberg,ilimberg@errare-est.com
Cristobal Hoobler,choobler,choobler@salestech.net
Rima Ates,rates,rates@atlasdev.io
Lakiesha Mandelbaum,lmandelbaum,lmandelbaum@filsdaput.com
Adrienne Edlin,aedlin,aedlin@printshot.net
Shanae Pritchett,spritchett,spritchett@salestech.net
Alia Duerr,aduerr,aduerr@blueturf.com
Luciano Balla,lballa,lballa@omegagroup.com
Janet Kilmon,jkilmon,jkilmon@atlasdev.io
Mark Bugbee,mbugbee,mbugbee@atlasdev.io
Sherell Edenfield,sedenfield,sedenfield@sandalsoft.com
Avelina Hudak,ahudak,ahudak@filsdaput.com
Shaneka Gerstner,sgerstner,sgerstner@filsdaput.com
Brenda Hannaman,bhannaman,bhannaman@sandalsoft.com
Reuben Sedlacek,rsedlacek,rsedlacek@blueturf.com
Lajuana Marti,lmarti,lmarti@filsdaput.com
Shaunda Blakeley,sblakeley,sblakeley@gmail.com
Shanna Budd,sbudd,sbudd@sandalsoft.com
Maryrose Gruber,mgruber,mgruber@sandalsoft.com
Filomena Longenecker,flongenecker,flongenecker@sandalsoft.com
Deanna Enyeart,denyeart,denyeart@printshot.net
Rosy Iniguez,riniguez,riniguez@omegagroup.com
Cheryl Demps,cdemps,cdemps@printshot.net
Yaeko Mcchristian,ymcchristian,ymcchristian@filsdaput.com
Melodee Urena,murena,murena@blueturf.com
Joseph Pulley,jpulley,jpulley@sandalsoft.com
Noble Buch,nbuch,nbuch@errare-est.com
Foster Leaf,fleaf,fleaf@sandalsoft.com
Johnetta Miland,jmiland,jmiland@blueturf.com
Sterling Roling,sroling,sroling@salestech.net
Lavette Stickley,lstickley,lstickley@printshot.net
Librada Bonney,lbonney,lbonney@errare-est.com
Glennie Akana,gakana,gakana@omegagroup.com
Nora Worthington,nworthington,nworthington@gmail.com
Julietta Dodson,jdodson,jdodson@yahoo.com
Fleta Lester,flester,flester@gmail.com
Lorretta Bernier,lbernier,lbernier@sandalsoft.com
John Smith,jsmith,jsmith@atlasdev.io
Boris Lee,blee,blee@sandalsoft.com
Evan Gibson,egibson,egibson@omegagroup.com
Chloe Terry,cterry,cterry@printshot.net
Stephen Hardacre,shardacre,shardacre@atlasdev.io
Simon Abraham,sabraham,sabraham@printshot.net
Tim Wilkins,twilkins,twilkins@omegagroup.com
Amelia Arnold,aarnold,aarnold@errare-est.com
Nicola Avery,navery,navery@salestech.net
Yvonne Sanderson,ysanderson,ysanderson@gmail.com
Fiona May,fmay,fmay@errare-est.com
Fiona Ogden,fogden,fogden@blueturf.com
Victoria Murray,vmurray,vmurray@printshot.net
Alexander Forsyth,aforsyth,aforsyth@atlasdev.io
Julian Short,jshort,jshort@atlasdev.io
Theresa Metcalfe,tmetcalfe,tmetcalfe@printshot.net
Victor Ellison,vellison,vellison@filsdaput.com
Richard Allan,rallan,rallan@yahoo.com
Molly Stewart,mstewart,mstewart@printshot.net
Luke Dickens,ldickens,ldickens@printshot.net
Anna Butler,abutler,abutler@blueturf.com
Simon Jackson,sjackson,sjackson@gmail.com
Edward Paige,epaige,epaige@sandalsoft.com
Brian Bell,bbell,bbell@sandalsoft.com
Pippa Reid,preid,preid@sandalsoft.com
Peter Cornish,pcornish,pcornish@sandalsoft.com
Melanie Walker,mwalker,mwalker@filsdaput.com
Christian Nolan,cnolan,cnolan@filsdaput.com
Amelia Knox,aknox,aknox@blueturf.com
Alison Hughes,ahughes,ahughes@omegagroup.com
Joshua Ellison,jellison,jellison@omegagroup.com
Lucas Hudson,lhudson,lhudson@blueturf.com
Madeleine Walker,mwalker,mwalker@blueturf.com
Sarah MacLeod,smacleod,smacleod@printshot.net
Yvonne Henderson,yhenderson,yhenderson@salestech.net
Ian Alsop,ialsop,ialsop@printshot.net
Mary Lewis,mlewis,mlewis@filsdaput.com
Matt Wright,mwright,mwright@gmail.com
Mary Terry,mterry,mterry@sandalsoft.com
Adrian Burgess,aburgess,aburgess@omegagroup.com
Boris Berry,bberry,bberry@omegagroup.com
Connor Reid,creid,creid@filsdaput.com
Anne Butler,abutler,abutler@filsdaput.com
Brian Smith,bsmith,bsmith@yahoo.com
Jason Sutherland,jsutherland,jsutherland@errare-est.com
Theresa Hardacre,thardacre,thardacre@errare-est.com
Lisa Campbell,lcampbell,lcampbell@sandalsoft.com
Jan Bond,jbond,jbond@blueturf.com
Connor Allan,callan,callan@filsdaput.com
Virginia Roberts,vroberts,vroberts@errare-est.com
Tracey Carr,tcarr,tcarr@filsdaput.com
Lillian Murray,lmurray,lmurray@errare-est.com
David MacLeod,dmacleod,dmacleod@sandalsoft.com
James Harris,jharris,jharris@atlasdev.io
Joan Cameron,jcameron,jcameron@gmail.com
Sam Ross,sross,sross@yahoo.com
Stephen Mitchell,smitchell,smitchell@sandalsoft.com
Deirdre Walsh,dwalsh,dwalsh@filsdaput.com
William Paterson,wpaterson,wpaterson@errare-est.com
Jasmine Edmunds,jedmunds,jedmunds@atlasdev.io
Joshua Bower,jbower,jbower@omegagroup.com
Alan Gibson,agibson,agibson@printshot.net
Steven Chapman,schapman,schapman@errare-est.com
Maria Walker,mwalker,mwalker@filsdaput.com
Jessica Dyer,jdyer,jdyer@blueturf.com
Benjamin Ross,bross,bross@gmail.com
Hannah Vaughan,hvaughan,hvaughan@omegagroup.com
Lisa May,lmay,lmay@omegagroup.com
Victoria May,vmay,vmay@atlasdev.io
Sam Fisher,sfisher,sfisher@blueturf.com
Kevin Campbell,kcampbell,kcampbell@omegagroup.com
Andrew Walker,awalker,awalker@blueturf.com
Evan Forsyth,eforsyth,eforsyth@blueturf.com
Sam Hill,shill,shill@atlasdev.io
Tracey Kelly,tkelly,tkelly@atlasdev.io
Lily Vance,lvance,lvance@sandalsoft.com
Sean Miller,smiller,smiller@yahoo.com
Anna Parsons,aparsons,aparsons@salestech.net
Robert Chapman,rchapman,rchapman@blueturf.com
Phil Jackson,pjackson,pjackson@atlasdev.io
David Morgan,dmorgan,dmorgan@printshot.net
Julia Sharp,jsharp,jsharp@yahoo.com
Michael North,mnorth,mnorth@filsdaput.com
Andrea Morrison,amorrison,amorrison@yahoo.com
Simon Cornish,scornish,scornish@yahoo.com
Lauren Short,lshort,lshort@omegagroup.com
Wanda Turner,wturner,wturner@blueturf.com
Frank Oliver,foliver,foliver@errare-est.com
William Davies,wdavies,wdavies@omegagroup.com
Heather Terry,hterry,hterry@atlasdev.io
Megan Johnston,mjohnston,mjohnston@omegagroup.com
Gavin Henderson,ghenderson,ghenderson@yahoo.com
Ella Bell,ebell,ebell@blueturf.com
Zoe Forsyth,zforsyth,zforsyth@blueturf.com
Wendy Forsyth,wforsyth,wforsyth@gmail.com
Molly Dyer,mdyer,mdyer@yahoo.com
Pippa King,pking,pking@blueturf.com
Luke Hudson,lhudson,lhudson@salestech.net
Carl Lawrence,clawrence,clawrence@sandalsoft.com
Sean Simpson,ssimpson,ssimpson@blueturf.com
Lily Ferguson,lferguson,lferguson@omegagroup.com
Melanie Hudson,mhudson,mhudson@omegagroup.com
Stephanie Paterson,spaterson,spaterson@filsdaput.com
Maria Hamilton,mhamilton,mhamilton@omegagroup.com
Michael Scott,mscott,mscott@yahoo.com
Joseph Parr,jparr,jparr@errare-est.com
Faith Wallace,fwallace,fwallace@omegagroup.com
Nathan Davidson,ndavidson,ndavidson@sandalsoft.com
Victor Lewis,vlewis,vlewis@sandalsoft.com
Simon Walker,swalker,swalker@sandalsoft.com
Dan Simpson,dsimpson,dsimpson@filsdaput.com
Irene Hudson,ihudson,ihudson@errare-est.com
Grace Fraser,gfraser,gfraser@gmail.com
Christian Ellison,cellison,cellison@blueturf.com
Leonard Slater,lslater,lslater@salestech.net
Anthony MacLeod,amacleod,amacleod@printshot.net
Richard Short,rshort,rshort@atlasdev.io
Jan Lewis,jlewis,jlewis@errare-est.com
Robert Wilkins,rwilkins,rwilkins@filsdaput.com
Boris Manning,bmanning,bmanning@printshot.net
Irene Reid,ireid,ireid@gmail.com
Adrian Brown,abrown,abrown@errare-est.com
Diane Metcalfe,dmetcalfe,dmetcalfe@printshot.net
Sebastian Hill,shill,shill@sandalsoft.com
Chloe Berry,cberry,cberry@errare-est.com
Brian Vaughan,bvaughan,bvaughan@filsdaput.com
Samantha Mackenzie,smackenzie,smackenzie@printshot.net
David Bond,dbond,dbond@yahoo.com
Piers Simpson,psimpson,psimpson@omegagroup.com
Bernadette Hunter,bhunter,bhunter@sandalsoft.com
Steven King,sking,sking@omegagroup.com
Angela Dickens,adickens,adickens@gmail.com
Jason Gill,jgill,jgill@filsdaput.com
Gordon White,gwhite,gwhite@filsdaput.com
Kevin Mackenzie,kmackenzie,kmackenzie@yahoo.com
Colin Butler,cbutler,cbutler@omegagroup.com
Joanne Welch,jwelch,jwelch@filsdaput.com
Abigail Sanderson,asanderson,asanderson@gmail.com
Zoe Cameron,zcameron,zcameron@atlasdev.io
Gabrielle Alsop,galsop,galsop@blueturf.com
Madeleine Glover,mglover,mglover@errare-est.com
Jasmine Parr,jparr,jparr@omegagroup.com
Alan Churchill,achurchill,achurchill@gmail.com
Ruth Slater,rslater,rslater@omegagroup.com
Thomas Cornish,tcornish,tcornish@printshot.net
Penelope Burgess,pburgess,pburgess@atlasdev.io
Dylan Dowd,ddowd,ddowd@atlasdev.io
Karen Paterson,kpaterson,kpaterson@omegagroup.com
Sean Coleman,scoleman,scoleman@omegagroup.com
David Turner,dturner,dturner@gmail.com
Carol Grant,cgrant,cgrant@omegagroup.com
Matt Duncan,mduncan,mduncan@filsdaput.com
Jason Mathis,jmathis,jmathis@blueturf.com
Ruth Parsons,rparsons,rparsons@omegagroup.com
Harry Ogden,hogden,hogden@blueturf.com
Wanda Metcalfe,wmetcalfe,wmetcalfe@printshot.net
Andrea Simpson,asimpson,asimpson@gmail.com
Neil Taylor,ntaylor,ntaylor@salestech.net
Kylie Thomson,kthomson,kthomson@gmail.com
Ryan Hudson,rhudson,rhudson@errare-est.com
Trevor Mitchell,tmitchell,tmitchell@sandalsoft.com
Hannah Vance,hvance,hvance@atlasdev.io
Carolyn Hardacre,chardacre,chardacre@atlasdev.io
David Allan,dallan,dallan@atlasdev.io
Irene Howard,ihoward,ihoward@atlasdev.io
Bella Murray,bmurray,bmurray@printshot.net
Sarah McGrath,smcgrath,smcgrath@atlasdev.io
Ella Coleman,ecoleman,ecoleman@blueturf.com
Ava Vance,avance,avance@yahoo.com
William Smith,wsmith,wsmith@printshot.net
Jason Lambert,jlambert,jlambert@sandalsoft.com
Madeleine Powell,mpowell,mpowell@atlasdev.io
Michelle Payne,mpayne,mpayne@yahoo.com
Alison Lyman,alyman,alyman@omegagroup.com
Connor Bond,cbond,cbond@salestech.net
Isaac Paige,ipaige,ipaige@atlasdev.io
Dominic Mitchell,dmitchell,dmitchell@salestech.net
Sophie McDonald,smcdonald,smcdonald@yahoo.com
Eric Dowd,edowd,edowd@salestech.net
Irene Lambert,ilambert,ilambert@yahoo.com
Theresa Watson,twatson,twatson@salestech.net
Ella Parsons,eparsons,eparsons@atlasdev.io
Austin Skinner,askinner,askinner@errare-est.com
Harry Mitchell,hmitchell,hmitchell@salestech.net
Katherine Quinn,kquinn,kquinn@omegagroup.com
Jasmine Piper,jpiper,jpiper@yahoo.com
Lisa Buckland,lbuckland,lbuckland@gmail.com
Liam Howard,lhoward,lhoward@salestech.net
Rebecca Black,rblack,rblack@atlasdev.io
Stephanie Peters,speters,speters@blueturf.com
Dan Hodges,dhodges,dhodges@blueturf.com
Sonia Walker,swalker,swalker@printshot.net
Justin Welch,jwelch,jwelch@gmail.com
Amy Ball,aball,aball@yahoo.com
Lisa McLean,lmclean,lmclean@blueturf.com
Fiona Miller,fmiller,fmiller@filsdaput.com
David Fisher,dfisher,dfisher@sandalsoft.com
Deirdre Underwood,dunderwood,dunderwood@omegagroup.com
Natalie Slater,nslater,nslater@filsdaput.com
Eric Hart,ehart,ehart@errare-est.com
Trevor Tucker,ttucker,ttucker@yahoo.com
Deirdre Tucker,dtucker,dtucker@omegagroup.com
Gabrielle Ince,gince,gince@filsdaput.com
Jack Parsons,jparsons,jparsons@yahoo.com
Warren King,wking,wking@printshot.net
Sean Wilson,swilson,swilson@errare-est.com
Wendy Mitchell,wmitchell,wmitchell@sandalsoft.com
Neil Paige,npaige,npaige@sandalsoft.com
Owen Piper,opiper,opiper@omegagroup.com
Dan Oliver,doliver,doliver@printshot.net
Dominic Hamilton,dhamilton,dhamilton@omegagroup.com
Natalie Cornish,ncornish,ncornish@sandalsoft.com
Pippa Stewart,pstewart,pstewart@sandalsoft.com
Oliver Jackson,ojackson,ojackson@filsdaput.com
Michael Metcalfe,mmetcalfe,mmetcalfe@sandalsoft.com
Ruth MacDonald,rmacdonald,rmacdonald@omegagroup.com
Victoria McLean,vmclean,vmclean@omegagroup.com
Molly Gray,mgray,mgray@yahoo.com
Justin Jackson,jjackson,jjackson@yahoo.com
Rose Berry,rberry,rberry@atlasdev.io
Ava Mackenzie,amackenzie,amackenzie@filsdaput.com
Sue Allan,sallan,sallan@atlasdev.io
Adrian Tucker,atucker,atucker@sandalsoft.com
Piers Mills,pmills,pmills@printshot.net
Wendy Carr,wcarr,wcarr@salestech.net
Sue Terry,sterry,sterry@gmail.com
Peter North,pnorth,pnorth@atlasdev.io
Felicity Glover,fglover,fglover@sandalsoft.com
Sophie Newman,snewman,snewman@atlasdev.io
Sarah Lambert,slambert,slambert@atlasdev.io
Dylan Grant,dgrant,dgrant@printshot.net
Pippa Kerr,pkerr,pkerr@omegagroup.com
Dorothy Campbell,dcampbell,dcampbell@printshot.net
Irene Baker,ibaker,ibaker@atlasdev.io
Dominic Jones,djones,djones@yahoo.com
Nicholas Dowd,ndowd,ndowd@yahoo.com
Fiona Ferguson,fferguson,fferguson@omegagroup.com
Anne Quinn,aquinn,aquinn@sandalsoft.com
Edward North,enorth,enorth@salestech.net
Bernadette Peake,bpeake,bpeake@yahoo.com
Nathan Rees,nrees,nrees@omegagroup.com
Max Mackay,mmackay,mmackay@gmail.com
Phil Young,pyoung,pyoung@blueturf.com
Grace Davies,gdavies,gdavies@blueturf.com
Dylan Nolan,dnolan,dnolan@yahoo.com
Richard Oliver,roliver,roliver@blueturf.com
Alison Lewis,alewis,alewis@atlasdev.io
Gabrielle Rees,grees,grees@blueturf.com
Adrian Fisher,afisher,afisher@blueturf.com
Dan Martin,dmartin,dmartin@salestech.net
Samantha Alsop,salsop,salsop@yahoo.com
Jasmine Anderson,janderson,janderson@blueturf.com
Adam Springer,aspringer,aspringer@sandalsoft.com
Trevor Howard,thoward,thoward@blueturf.com
Wanda Langdon,wlangdon,wlangdon@sandalsoft.com
Audrey Dowd,adowd,adowd@omegagroup.com
Joshua Hill,jhill,jhill@omegagroup.com
Lauren MacLeod,lmacleod,lmacleod@printshot.net
Diane Avery,davery,davery@printshot.net
Caroline Knox,cknox,cknox@yahoo.com
Alexander Edmunds,aedmunds,aedmunds@blueturf.com
Carl Simpson,csimpson,csimpson@printshot.net
Michelle Thomson,mthomson,mthomson@errare-est.com
Anthony Hardacre,ahardacre,ahardacre@atlasdev.io
Jasmine Short,jshort,jshort@filsdaput.com
Dominic Hunter,dhunter,dhunter@sandalsoft.com
Rebecca Young,ryoung,ryoung@omegagroup.com
Joe Parr,jparr,jparr@sandalsoft.com
Melanie Sharp,msharp,msharp@printshot.net
Amelia Hill,ahill,ahill@blueturf.com
Gavin Duncan,gduncan,gduncan@yahoo.com
Diana Morgan,dmorgan,dmorgan@sandalsoft.com
Jane Walsh,jwalsh,jwalsh@salestech.net
Ruth Davidson,rdavidson,rdavidson@sandalsoft.com
Isaac Piper,ipiper,ipiper@blueturf.com
Hannah Skinner,hskinner,hskinner@printshot.net
Felicity Wright,fwright,fwright@blueturf.com
Nicola Ball,nball,nball@atlasdev.io
Diana MacLeod,dmacleod,dmacleod@blueturf.com
Julian Ellison,jellison,jellison@omegagroup.com
Audrey Alsop,aalsop,aalsop@sandalsoft.com
Sarah Mackay,smackay,smackay@filsdaput.com
Victor James,vjames,vjames@errare-est.com
Keith McGrath,kmcgrath,kmcgrath@sandalsoft.com
Colin Slater,cslater,cslater@gmail.com
Edward Hunter,ehunter,ehunter@atlasdev.io
Brian Anderson,banderson,banderson@sandalsoft.com
Emma Murray,emurray,emurray@atlasdev.io
Keith Short,kshort,kshort@omegagroup.com
Sam Avery,savery,savery@errare-est.com
Max Dickens,mdickens,mdickens@omegagroup.com
Sophie Johnston,sjohnston,sjohnston@atlasdev.io
Melanie Reid,mreid,mreid@sandalsoft.com
Jennifer North,jnorth,jnorth@atlasdev.io
Wendy Morgan,wmorgan,wmorgan@atlasdev.io
Penelope Slater,pslater,pslater@errare-est.com
Ryan Dowd,rdowd,rdowd@sandalsoft.com
Karen Anderson,kanderson,kanderson@gmail.com
Joan Metcalfe,jmetcalfe,jmetcalfe@sandalsoft.com
Molly Ince,mince,mince@omegagroup.com
Peter Thomson,pthomson,pthomson@atlasdev.io
Stephanie Kelly,skelly,skelly@printshot.net
Chloe Fraser,cfraser,cfraser@gmail.com
Irene Edmunds,iedmunds,iedmunds@printshot.net
Gavin Mackay,gmackay,gmackay@sandalsoft.com
Harry Sanderson,hsanderson,hsanderson@omegagroup.com
Pippa Wallace,pwallace,pwallace@printshot.net
Nicholas Lawrence,nlawrence,nlawrence@salestech.net
Pippa Nolan,pnolan,pnolan@blueturf.com
Neil Coleman,ncoleman,ncoleman@blueturf.com
Heather Ogden,hogden,hogden@filsdaput.com
Sarah Reid,sreid,sreid@yahoo.com
Leonard Berry,lberry,lberry@yahoo.com
Carl Hamilton,chamilton,chamilton@omegagroup.com
Lucas Ball,lball,lball@filsdaput.com
Audrey Bell,abell,abell@sandalsoft.com
Maria Cornish,mcornish,mcornish@salestech.net
Bella Paige,bpaige,bpaige@sandalsoft.com
Michelle May,mmay,mmay@blueturf.com
Sonia Paige,spaige,spaige@printshot.net
Jasmine Reid,jreid,jreid@atlasdev.io
Isaac Marshall,imarshall,imarshall@omegagroup.com
Leonard Morrison,lmorrison,lmorrison@filsdaput.com
Eric Mathis,emathis,emathis@blueturf.com
Leah Watson,lwatson,lwatson@sandalsoft.com
Victoria Lee,vlee,vlee@errare-est.com
Dominic Jackson,djackson,djackson@errare-est.com
Diana Slater,dslater,dslater@salestech.net
Paul Lyman,plyman,plyman@yahoo.com
Sue Arnold,sarnold,sarnold@blueturf.com
Wendy Ogden,wogden,wogden@sandalsoft.com
Evan Quinn,equinn,equinn@sandalsoft.com
James Coleman,jcoleman,jcoleman@omegagroup.com
Ruth May,rmay,rmay@printshot.net
Trevor Reid,treid,treid@yahoo.com
Cameron Johnston,cjohnston,cjohnston@yahoo.com
Rebecca Nolan,rnolan,rnolan@sandalsoft.com
Ava Lambert,alambert,alambert@omegagroup.com
Heather Chapman,hchapman,hchapman@blueturf.com
Emily Jones,ejones,ejones@gmail.com
Gabrielle Gray,ggray,ggray@sandalsoft.com
Wanda Nash,wnash,wnash@printshot.net
Lily Smith,lsmith,lsmith@sandalsoft.com
Megan Davies,mdavies,mdavies@filsdaput.com
Richard Newman,rnewman,rnewman@sandalsoft.com
Warren Baker,wbaker,wbaker@sandalsoft.com
Fiona Jones,fjones,fjones@sandalsoft.com
Amy Skinner,askinner,askinner@omegagroup.com
Angela Miller,amiller,amiller@blueturf.com
Nicholas Robertson,nrobertson,nrobertson@gmail.com
Megan Alsop,malsop,malsop@omegagroup.com
Carl Dickens,cdickens,cdickens@sandalsoft.com
Julia Ince,jince,jince@blueturf.com
Adam Brown,abrown,abrown@atlasdev.io
Maria Pullman,mpullman,mpullman@omegagroup.com
Kimberly Clark,kclark,kclark@atlasdev.io
Lisa Manning,lmanning,lmanning@salestech.net
Richard Walker,rwalker,rwalker@omegagroup.com
Max Fisher,mfisher,mfisher@printshot.net
Alison Clark,aclark,aclark@salestech.net
Julia Clark,jclark,jclark@sandalsoft.com
Nathan Black,nblack,nblack@atlasdev.io
Amanda Morgan,amorgan,amorgan@errare-est.com
Ian Nash,inash,inash@errare-est.com
Emily Baker,ebaker,ebaker@omegagroup.com
Nathan Pullman,npullman,npullman@sandalsoft.com
Abigail Gray,agray,agray@errare-est.com
Leah Wilkins,lwilkins,lwilkins@salestech.net
Colin May,cmay,cmay@printshot.net
Sally Walker,swalker,swalker@salestech.net
Amelia Hart,ahart,ahart@sandalsoft.com
Nicholas Bond,nbond,nbond@sandalsoft.com
Warren Fisher,wfisher,wfisher@sandalsoft.com
Anna Baker,abaker,abaker@sandalsoft.com
Gabrielle Morrison,gmorrison,gmorrison@errare-est.com
Vanessa Rutherford,vrutherford,vrutherford@sandalsoft.com
Richard Stewart,rstewart,rstewart@blueturf.com
Yvonne Young,yyoung,yyoung@sandalsoft.com
Diana Henderson,dhenderson,dhenderson@errare-est.com
Piers Lyman,plyman,plyman@printshot.net
Frank Parsons,fparsons,fparsons@salestech.net
Ian Mathis,imathis,imathis@gmail.com
Anthony Bell,abell,abell@atlasdev.io
Virginia Mackay,vmackay,vmackay@omegagroup.com
Sean Black,sblack,sblack@gmail.com
Alan Skinner,askinner,askinner@omegagroup.com
Lucas Sanderson,lsanderson,lsanderson@blueturf.com
Carolyn Scott,cscott,cscott@atlasdev.io
Lily King,lking,lking@atlasdev.io
Boris Duncan,bduncan,bduncan@atlasdev.io
Matt Nolan,mnolan,mnolan@omegagroup.com
Dorothy Metcalfe,dmetcalfe,dmetcalfe@errare-est.com
Diana Russell,drussell,drussell@omegagroup.com
Ian Peake,ipeake,ipeake@omegagroup.com
Anne Paterson,apaterson,apaterson@errare-est.com
Joseph Blake,jblake,jblake@atlasdev.io
William Simpson,wsimpson,wsimpson@omegagroup.com
Lily Mackenzie,lmackenzie,lmackenzie@yahoo.com
Penelope Duncan,pduncan,pduncan@blueturf.com
Chloe MacDonald,cmacdonald,cmacdonald@atlasdev.io
Max Wright,mwright,mwright@omegagroup.com
Richard Avery,ravery,ravery@filsdaput.com
Alexandra Duncan,aduncan,aduncan@gmail.com
Elizabeth McGrath,emcgrath,emcgrath@blueturf.com
Donna Edmunds,dedmunds,dedmunds@sandalsoft.com
Victor MacLeod,vmacleod,vmacleod@gmail.com
Stephen Stewart,sstewart,sstewart@salestech.net
Paul Peake,ppeake,ppeake@atlasdev.io
Rebecca Sutherland,rsutherland,rsutherland@errare-est.com
Dan Langdon,dlangdon,dlangdon@salestech.net
Diana Anderson,danderson,danderson@gmail.com
William Lawrence,wlawrence,wlawrence@omegagroup.com
Gabrielle Slater,gslater,gslater@salestech.net
Abigail Hardacre,ahardacre,ahardacre@blueturf.com
Connor Bower,cbower,cbower@atlasdev.io
Jan MacDonald,jmacdonald,jmacdonald@atlasdev.io
Yvonne Chapman,ychapman,ychapman@printshot.net
Wendy James,wjames,wjames@blueturf.com
Anthony Clarkson,aclarkson,aclarkson@salestech.net
Emma James,ejames,ejames@printshot.net
Blake Mitchell,bmitchell,bmitchell@atlasdev.io
Rose Black,rblack,rblack@blueturf.com
Stephen Hemmings,shemmings,shemmings@errare-est.com
Una Davidson,udavidson,udavidson@sandalsoft.com
Sean Russell,srussell,srussell@sandalsoft.com
Nicholas Cameron,ncameron,ncameron@atlasdev.io
Theresa Hodges,thodges,thodges@sandalsoft.com
Richard Payne,rpayne,rpayne@atlasdev.io
Christopher Hunter,chunter,chunter@filsdaput.com
Madeleine Mackay,mmackay,mmackay@blueturf.com
Sarah Langdon,slangdon,slangdon@errare-est.com
Julia Lyman,jlyman,jlyman@filsdaput.com
Melanie Mathis,mmathis,mmathis@errare-est.com
Colin Davies,cdavies,cdavies@atlasdev.io
Maria Lawrence,mlawrence,mlawrence@atlasdev.io
Gabrielle Smith,gsmith,gsmith@filsdaput.com
Una Paige,upaige,upaige@atlasdev.io
Lillian Johnston,ljohnston,ljohnston@errare-est.com
Gavin Cornish,gcornish,gcornish@gmail.com
Maria Bower,mbower,mbower@atlasdev.io
Victoria Ince,vince,vince@errare-est.com
Ruth Anderson,randerson,randerson@sandalsoft.com
Evan White,ewhite,ewhite@salestech.net
Sean Brown,sbrown,sbrown@omegagroup.com
Evan Stewart,estewart,estewart@yahoo.com
Alison Davies,adavies,adavies@yahoo.com
Leonard Newman,lnewman,lnewman@omegagroup.com
Irene Campbell,icampbell,icampbell@filsdaput.com
Ryan Campbell,rcampbell,rcampbell@atlasdev.io
Nicholas Hemmings,nhemmings,nhemmings@sandalsoft.com
Keith MacDonald,kmacdonald,kmacdonald@blueturf.com
Jessica Sutherland,jsutherland,jsutherland@printshot.net
Angela Welch,awelch,awelch@blueturf.com
Amy Grant,agrant,agrant@blueturf.com
William Sharp,wsharp,wsharp@gmail.com
Alexander Piper,apiper,apiper@yahoo.com
Pippa Robertson,probertson,probertson@errare-est.com
Piers Poole,ppoole,ppoole@gmail.com
Andrew Harris,aharris,aharris@gmail.com
Felicity Gray,fgray,fgray@blueturf.com
Paul Vaughan,pvaughan,pvaughan@printshot.net
Andrea Roberts,aroberts,aroberts@printshot.net
Sophie Chapman,schapman,schapman@sandalsoft.com
Jack Hill,jhill,jhill@omegagroup.com
Robert Campbell,rcampbell,rcampbell@salestech.net
Sam Baker,sbaker,sbaker@omegagroup.com
Alexander Sutherland,asutherland,asutherland@atlasdev.io
Wanda Piper,wpiper,wpiper@salestech.net
Eric Fraser,efraser,efraser@errare-est.com
Carolyn Pullman,cpullman,cpullman@blueturf.com
Rachel Vaughan,rvaughan,rvaughan@sandalsoft.com
Jonathan Metcalfe,jmetcalfe,jmetcalfe@sandalsoft.com
Edward Gibson,egibson,egibson@atlasdev.io
Christopher Bailey,cbailey,cbailey@sandalsoft.com
Sophie Davidson,sdavidson,sdavidson@blueturf.com
Nicholas Carr,ncarr,ncarr@blueturf.com
Rachel Lee,rlee,rlee@sandalsoft.com
Sonia Taylor,staylor,staylor@omegagroup.com
Charles Skinner,cskinner,cskinner@printshot.net
William Hardacre,whardacre,whardacre@blueturf.com
Colin Alsop,calsop,calsop@salestech.net
Diane Rees,drees,drees@sandalsoft.com
Isaac Lawrence,ilawrence,ilawrence@printshot.net
Lily Rutherford,lrutherford,lrutherford@yahoo.com
Zoe May,zmay,zmay@gmail.com
James Mackay,jmackay,jmackay@salestech.net
Joanne Bower,jbower,jbower@filsdaput.com
Jessica Baker,jbaker,jbaker@omegagroup.com
Andrea Pullman,apullman,apullman@sandalsoft.com
Kylie Oliver,koliver,koliver@sandalsoft.com
Penelope Turner,pturner,pturner@omegagroup.com
Melanie Ogden,mogden,mogden@salestech.net
Heather Wallace,hwallace,hwallace@gmail.com
Pippa Greene,pgreene,pgreene@filsdaput.com
James Peters,jpeters,jpeters@printshot.net
Joan James,jjames,jjames@omegagroup.com
Caroline Gibson,cgibson,cgibson@sandalsoft.com
Heather Black,hblack,hblack@atlasdev.io
William Arnold,warnold,warnold@sandalsoft.com
Diana King,dking,dking@salestech.net
Lauren Rutherford,lrutherford,lrutherford@yahoo.com
Leah Harris,lharris,lharris@atlasdev.io
Julia Russell,jrussell,jrussell@atlasdev.io
Christopher Tucker,ctucker,ctucker@filsdaput.com
Audrey Lyman,alyman,alyman@sandalsoft.com
Megan Allan,mallan,mallan@sandalsoft.com
Jasmine Simpson,jsimpson,jsimpson@printshot.net
Stephen Sharp,ssharp,ssharp@printshot.net
Joe Glover,jglover,jglover@errare-est.com
Christian Oliver,coliver,coliver@blueturf.com
Irene Mitchell,imitchell,imitchell@filsdaput.com
Joseph Hughes,jhughes,jhughes@blueturf.com
David King,dking,dking@atlasdev.io
Amelia Piper,apiper,apiper@omegagroup.com
Bella Chapman,bchapman,bchapman@yahoo.com
Nicola Fisher,nfisher,nfisher@errare-est.com
Diana Dickens,ddickens,ddickens@blueturf.com
Olivia Blake,oblake,oblake@errare-est.com
Stephen Hughes,shughes,shughes@errare-est.com
Leah Gray,lgray,lgray@yahoo.com
Rebecca McGrath,rmcgrath,rmcgrath@yahoo.com
William Terry,wterry,wterry@atlasdev.io
Stephanie Mathis,smathis,smathis@blueturf.com
Robert Marshall,rmarshall,rmarshall@salestech.net
John MacDonald,jmacdonald,jmacdonald@sandalsoft.com
Oliver Miller,omiller,omiller@sandalsoft.com
Blake Vaughan,bvaughan,bvaughan@atlasdev.io
Emma Davies,edavies,edavies@errare-est.com
Carolyn Davidson,cdavidson,cdavidson@errare-est.com
Alan Cornish,acornish,acornish@filsdaput.com
Kimberly Taylor,ktaylor,ktaylor@yahoo.com
Sally Graham,sgraham,sgraham@printshot.net
Abigail Randall,arandall,arandall@yahoo.com
Leonard Springer,lspringer,lspringer@salestech.net
Chloe Anderson,canderson,canderson@blueturf.com
Stewart Clark,sclark,sclark@blueturf.com
Sean Arnold,sarnold,sarnold@errare-est.com
Evan Piper,epiper,epiper@blueturf.com
Sonia Rees,srees,srees@filsdaput.com
Frank Lee,flee,flee@salestech.net
Austin Peters,apeters,apeters@sandalsoft.com
Bernadette Scott,bscott,bscott@salestech.net
Oliver Wilkins,owilkins,owilkins@errare-est.com
Fiona Hudson,fhudson,fhudson@sandalsoft.com
Jacob Payne,jpayne,jpayne@sandalsoft.com
Chloe Manning,cmanning,cmanning@filsdaput.com
Matt Bell,mbell,mbell@blueturf.com
Julian Taylor,jtaylor,jtaylor@printshot.net
Brandon Piper,bpiper,bpiper@sandalsoft.com
Anne Avery,aavery,aavery@printshot.net
Colin Buckland,cbuckland,cbuckland@salestech.net
Ryan Mitchell,rmitchell,rmitchell@salestech.net
Jan Coleman,jcoleman,jcoleman@filsdaput.com
Maria Carr,mcarr,mcarr@sandalsoft.com
Julia Kelly,jkelly,jkelly@blueturf.com
Liam Morrison,lmorrison,lmorrison@sandalsoft.com
Ava Glover,aglover,aglover@atlasdev.io
Julian Harris,jharris,jharris@omegagroup.com
Michael Fraser,mfraser,mfraser@printshot.net
Felicity Parr,fparr,fparr@sandalsoft.com
Michael Hudson,mhudson,mhudson@omegagroup.com
Nicola Arnold,narnold,narnold@atlasdev.io
Carolyn Robertson,crobertson,crobertson@printshot.net
Chloe Morgan,cmorgan,cmorgan@sandalsoft.com
Bella McLean,bmclean,bmclean@sandalsoft.com
James Davies,jdavies,jdavies@blueturf.com
Alexandra Grant,agrant,agrant@filsdaput.com
Ava Allan,aallan,aallan@printshot.net
Ryan McGrath,rmcgrath,rmcgrath@yahoo.com
Carol Brown,cbrown,cbrown@sandalsoft.com
Ava Ball,aball,aball@atlasdev.io
Sean Ince,since,since@yahoo.com
Fiona Fraser,ffraser,ffraser@sandalsoft.com
Kevin Ferguson,kferguson,kferguson@atlasdev.io
Anna Arnold,aarnold,aarnold@filsdaput.com
Thomas Davidson,tdavidson,tdavidson@errare-est.com
Sonia Turner,sturner,sturner@printshot.net
Eric Clarkson,eclarkson,eclarkson@gmail.com
Sebastian Gray,sgray,sgray@yahoo.com
Simon Ross,sross,sross@salestech.net
Stephen Ball,sball,sball@filsdaput.com
Trevor Smith,tsmith,tsmith@salestech.net
Christopher Walker,cwalker,cwalker@atlasdev.io
Adam Morrison,amorrison,amorrison@errare-est.com
Joan Kerr,jkerr,jkerr@omegagroup.com
Nathan Mackenzie,nmackenzie,nmackenzie@errare-est.com
Ryan Forsyth,rforsyth,rforsyth@printshot.net
Luke Jones,ljones,ljones@salestech.net
Brandon Parsons,bparsons,bparsons@yahoo.com
Lillian MacDonald,lmacdonald,lmacdonald@printshot.net
Lillian Gibson,lgibson,lgibson@salestech.net
John Duncan,jduncan,jduncan@printshot.net
Heather Johnston,hjohnston,hjohnston@printshot.net
Stewart Rutherford,srutherford,srutherford@blueturf.com
Joseph Nash,jnash,jnash@printshot.net
Tim Black,tblack,tblack@atlasdev.io
Sam Morrison,smorrison,smorrison@salestech.net
Chloe Grant,cgrant,cgrant@gmail.com
Sonia McLean,smclean,smclean@printshot.net
Carol Manning,cmanning,cmanning@errare-est.com
Evan Nash,enash,enash@omegagroup.com
Carolyn Hughes,chughes,chughes@blueturf.com
Nathan Parr,nparr,nparr@sandalsoft.com
Richard Campbell,rcampbell,rcampbell@gmail.com
Jennifer Murray,jmurray,jmurray@blueturf.com
Tracey Ogden,togden,togden@filsdaput.com
Cameron Newman,cnewman,cnewman@atlasdev.io
Audrey Davies,adavies,adavies@sandalsoft.com
Amy Vance,avance,avance@filsdaput.com
Christopher Lyman,clyman,clyman@salestech.net
Jason Mitchell,jmitchell,jmitchell@omegagroup.com
Owen Payne,opayne,opayne@omegagroup.com
Michael Brown,mbrown,mbrown@atlasdev.io
Lauren Forsyth,lforsyth,lforsyth@yahoo.com
Andrea Cameron,acameron,acameron@errare-est.com
Richard Abraham,rabraham,rabraham@errare-est.com
Amelia Wilkins,awilkins,awilkins@blueturf.com
Andrew Knox,aknox,aknox@sandalsoft.com
Nicola Mitchell,nmitchell,nmitchell@errare-est.com
Blake Underwood,bunderwood,bunderwood@sandalsoft.com
Alexander Skinner,askinner,askinner@yahoo.com
Edward James,ejames,ejames@filsdaput.com
Brandon Cameron,bcameron,bcameron@blueturf.com
Ava Dickens,adickens,adickens@omegagroup.com
Thomas Greene,tgreene,tgreene@omegagroup.com
Emily Thomson,ethomson,ethomson@sandalsoft.com
Vanessa May,vmay,vmay@gmail.com
Katherine Hughes,khughes,khughes@salestech.net
Wanda Wallace,wwallace,wwallace@blueturf.com
Sophie Stewart,sstewart,sstewart@blueturf.com
David Gill,dgill,dgill@sandalsoft.com
Leonard Blake,lblake,lblake@errare-est.com
Caroline Arnold,carnold,carnold@printshot.net
Alexander Stewart,astewart,astewart@sandalsoft.com
Emma Jackson,ejackson,ejackson@blueturf.com
Robert Mathis,rmathis,rmathis@yahoo.com
Anthony Ball,aball,aball@omegagroup.com
Jason Underwood,junderwood,junderwood@gmail.com
Sophie Sharp,ssharp,ssharp@yahoo.com
Lucas Parsons,lparsons,lparsons@atlasdev.io
Dorothy Langdon,dlangdon,dlangdon@omegagroup.com
Phil Peake,ppeake,ppeake@printshot.net
Claire May,cmay,cmay@salestech.net
Keith Howard,khoward,khoward@blueturf.com
Melanie Morgan,mmorgan,mmorgan@yahoo.com
Evan Wright,ewright,ewright@printshot.net
Jason Ince,jince,jince@sandalsoft.com
Molly Abraham,mabraham,mabraham@yahoo.com
Eric Poole,epoole,epoole@filsdaput.com
Phil Sanderson,psanderson,psanderson@sandalsoft.com
Dorothy Carr,dcarr,dcarr@atlasdev.io
Peter Carr,pcarr,pcarr@printshot.net
Stephanie Clarkson,sclarkson,sclarkson@printshot.net
Sally Howard,showard,showard@yahoo.com
Dan Watson,dwatson,dwatson@errare-est.com
Jennifer Howard,jhoward,jhoward@omegagroup.com
Neil Roberts,nroberts,nroberts@omegagroup.com
Penelope Lawrence,plawrence,plawrence@errare-est.com
Madeleine McLean,mmclean,mmclean@errare-est.com
Wendy Wright,wwright,wwright@omegagroup.com
Brandon Thomson,bthomson,bthomson@salestech.net
Joe Smith,jsmith,jsmith@gmail.com
Evan Oliver,eoliver,eoliver@atlasdev.io
Phil Baker,pbaker,pbaker@salestech.net
Jane Forsyth,jforsyth,jforsyth@omegagroup.com
Julia Reid,jreid,jreid@filsdaput.com
Donna Tucker,dtucker,dtucker@salestech.net
Jacob Morgan,jmorgan,jmorgan@omegagroup.com
Nicola Gray,ngray,ngray@gmail.com
Victor Duncan,vduncan,vduncan@salestech.net
Gabrielle Welch,gwelch,gwelch@yahoo.com
Emma Bower,ebower,ebower@yahoo.com
Bernadette Ross,bross,bross@errare-est.com
Alan Mathis,amathis,amathis@printshot.net
Tim Powell,tpowell,tpowell@omegagroup.com
Liam Alsop,lalsop,lalsop@salestech.net
Gordon Ogden,gogden,gogden@omegagroup.com
Julia Duncan,jduncan,jduncan@salestech.net
Carol Reid,creid,creid@salestech.net
Joseph Springer,jspringer,jspringer@errare-est.com
Sophie Taylor,staylor,staylor@filsdaput.com
Audrey Welch,awelch,awelch@printshot.net
Ella Ince,eince,eince@filsdaput.com
Angela Hunter,ahunter,ahunter@salestech.net
Keith Nash,knash,knash@atlasdev.io
Alan Reid,areid,areid@printshot.net
Lily Gray,lgray,lgray@atlasdev.io
Mary Metcalfe,mmetcalfe,mmetcalfe@filsdaput.com
Dan Newman,dnewman,dnewman@blueturf.com
Joseph Hill,jhill,jhill@printshot.net
Simon Howard,showard,showard@sandalsoft.com
Lucas Alsop,lalsop,lalsop@omegagroup.com
Justin Poole,jpoole,jpoole@blueturf.com
Jacob Terry,jterry,jterry@yahoo.com
Bella Newman,bnewman,bnewman@salestech.net
Donna Langdon,dlangdon,dlangdon@omegagroup.com
Julian McDonald,jmcdonald,jmcdonald@blueturf.com
Diane Underwood,dunderwood,dunderwood@blueturf.com
Jack Poole,jpoole,jpoole@sandalsoft.com
Keith Churchill,kchurchill,kchurchill@atlasdev.io
Jasmine Martin,jmartin,jmartin@filsdaput.com
Charles King,cking,cking@salestech.net
Molly Welch,mwelch,mwelch@filsdaput.com
Eric Powell,epowell,epowell@yahoo.com
Richard Welch,rwelch,rwelch@sandalsoft.com
Emma Coleman,ecoleman,ecoleman@atlasdev.io
Una Hemmings,uhemmings,uhemmings@sandalsoft.com
Piers Ogden,pogden,alison.lee@yamosoft.com
Madeleine Nolan,mnolan,piers.kelly@yamosoft.com
Grace Fisher,gfisher,grace.fisher@yamosoft.com
Rose Nolan,rnolan,rose.nolan@yamosoft.com
Keith Wright,kwright,keith.wright@yamosoft.com
Liam Oliver,loliver,liam.oliver@yamosoft.com
Fiona Mills,fmills,fiona.mills@yamosoft.com
Amanda Butler,abutler,amanda.butler@yamosoft.com
Colin Davidson,cdavidson,colin.davidson@yamosoft.com
Jacob Paterson,jpaterson,jacob.paterson@yamosoft.com
Richard Kelly,rkelly,richard.kelly@yamosoft.com
Adrian Hodges,ahodges,adrian.hodges@yamosoft.com
Elizabeth Thomson,ethomson,elizabeth.thomson@yamosoft.com
Nathan Mackenzie,nmackenzie,nathan.mackenzie@yamosoft.com
Maria Mackay,mmackay,maria.mackay@yamosoft.com
Andrew Ellison,aellison,andrew.ellison@yamosoft.com
Carolyn Clarkson,cclarkson,carolyn.clarkson@yamosoft.com
Zoe Johnston,zjohnston,zoe.johnston@yamosoft.com
Amanda Churchill,achurchill,amanda.churchill@yamosoft.com
Grace Newman,gnewman,grace.newman@yamosoft.com
Diane Short,dshort,diane.short@yamosoft.com
Eric McLean,emclean,eric.mclean@yamosoft.com
Phil Springer,pspringer,phil.springer@yamosoft.com
Fiona Rees,frees,fiona.rees@yamosoft.com
Mary Anderson,manderson,mary.anderson@yamosoft.com
Gordon Smith,gsmith,gordon.smith@yamosoft.com
Piers Arnold,parnold,piers.arnold@yamosoft.com
Amanda McDonald,amcdonald,amanda.mcdonald@yamosoft.com
Madeleine Ellison,mellison,madeleine.ellison@yamosoft.com
Emily Bailey,ebailey,emily.bailey@yamosoft.com
Benjamin Ball,bball,benjamin.ball@yamosoft.com
Alexandra MacDonald,amacdonald,alexandra.macdonald@yamosoft.com
Adrian Johnston,ajohnston,adrian.johnston@yamosoft.com
Molly Bower,mbower,molly.bower@yamosoft.com
Sebastian Murray,smurray,sebastian.murray@yamosoft.com
Grace MacLeod,gmacleod,grace.macleod@yamosoft.com
Alexandra James,ajames,alexandra.james@yamosoft.com
Keith Sanderson,ksanderson,keith.sanderson@yamosoft.com
Piers Davies,pdavies,piers.davies@yamosoft.com
Amy Glover,aglover,amy.glover@yamosoft.com
Amy Murray,amurray,amy.murray@yamosoft.com
William Ogden,wogden,william.ogden@yamosoft.com
Nicholas Vaughan,nvaughan,nicholas.vaughan@yamosoft.com
Jacob Oliver,joliver,jacob.oliver@yamosoft.com
Ava Watson,awatson,ava.watson@yamosoft.com
Kevin Sutherland,ksutherland,kevin.sutherland@yamosoft.com
Jake Miller,jmiller,jake.miller@yamosoft.com
Zoe King,zking,zoe.king@yamosoft.com
Dan White,dwhite,dan.white@yamosoft.com
Kevin Tucker,ktucker,kevin.tucker@yamosoft.com
Victoria Vaughan,vvaughan,victoria.vaughan@yamosoft.com
John Hughes,jhughes,john.hughes@yamosoft.com
Brian Greene,bgreene,brian.greene@yamosoft.com
Tracey Terry,tterry,tracey.terry@yamosoft.com
Lauren Dyer,ldyer,lauren.dyer@yamosoft.com
Deirdre Hemmings,dhemmings,deirdre.hemmings@yamosoft.com
Evan Hudson,ehudson,evan.hudson@yamosoft.com
Madeleine Newman,mnewman,madeleine.newman@yamosoft.com
Piers Bailey,pbailey,piers.bailey@yamosoft.com
Kimberly Stewart,kstewart,kimberly.stewart@yamosoft.com
Dan Ferguson,dferguson,dan.ferguson@yamosoft.com
Matt Nolan,mnolan,matt.nolan@yamosoft.com
Abigail Hamilton,ahamilton,abigail.hamilton@yamosoft.com
Megan Smith,msmith,megan.smith@yamosoft.com
Ryan Skinner,rskinner,ryan.skinner@yamosoft.com
Liam Mackenzie,lmackenzie,liam.mackenzie@yamosoft.com
Luke Newman,lnewman,luke.newman@yamosoft.com
Penelope McDonald,pmcdonald,penelope.mcdonald@yamosoft.com
Cameron Hill,chill,cameron.hill@yamosoft.com
Alexander Mathis,amathis,alexander.mathis@yamosoft.com
Katherine Robertson,krobertson,katherine.robertson@yamosoft.com
Ava Smith,asmith,ava.smith@yamosoft.com
Joseph Vaughan,jvaughan,joseph.vaughan@yamosoft.com
Sonia Morgan,smorgan,sonia.morgan@yamosoft.com
Joseph Martin,jmartin,joseph.martin@yamosoft.com
Wendy Oliver,woliver,wendy.oliver@yamosoft.com
Leonard McDonald,lmcdonald,leonard.mcdonald@yamosoft.com
Stephen Davies,sdavies,stephen.davies@yamosoft.com
Emma Powell,epowell,emma.powell@yamosoft.com
Thomas Rampling,trampling,thomas.rampling@yamosoft.com
Wendy Graham,wgraham,wendy.graham@yamosoft.com
Warren Springer,wspringer,warren.springer@yamosoft.com
Lily Manning,lmanning,lily.manning@yamosoft.com
Eric North,enorth,eric.north@yamosoft.com
Ryan Murray,rmurray,ryan.murray@yamosoft.com
Alison Robertson,arobertson,alison.robertson@yamosoft.com
Heather Wilson,hwilson,heather.wilson@yamosoft.com
Emma Walsh,ewalsh,emma.walsh@yamosoft.com
Warren Clark,wclark,warren.clark@yamosoft.com
Jessica Nash,jnash,jessica.nash@yamosoft.com
Michael Simpson,msimpson,michael.simpson@yamosoft.com
Keith Rampling,krampling,keith.rampling@yamosoft.com
Benjamin Mitchell,bmitchell,benjamin.mitchell@yamosoft.com
Victoria Paige,vpaige,victoria.paige@yamosoft.com
Christopher McDonald,cmcdonald,christopher.mcdonald@yamosoft.com
Warren Ince,wince,warren.ince@yamosoft.com
Bella Skinner,bskinner,bella.skinner@yamosoft.com
Brandon Campbell,bcampbell,brandon.campbell@yamosoft.com
Nathan North,nnorth,nathan.north@yamosoft.com
Oliver Lee,olee,oliver.lee@yamosoft.com
Charles Johnston,cjohnston,charles.johnston@yamosoft.com
Blake Skinner,bskinner,blake.skinner@yamosoft.com
Andrea Cornish,acornish,andrea.cornish@yamosoft.com
Kevin Bailey,kbailey,kevin.bailey@yamosoft.com
Emily Dowd,edowd,emily.dowd@yamosoft.com
Kevin Alsop,kalsop,kevin.alsop@yamosoft.com
Colin Mitchell,cmitchell,colin.mitchell@yamosoft.com
James Bower,jbower,james.bower@yamosoft.com
Theresa Greene,tgreene,theresa.greene@yamosoft.com
Melanie Kelly,mkelly,melanie.kelly@yamosoft.com
Olivia Robertson,orobertson,olivia.robertson@yamosoft.com
Christopher Hart,chart,christopher.hart@yamosoft.com
Andrea Ellison,aellison,andrea.ellison@yamosoft.com
Rose Reid,rreid,rose.reid@yamosoft.com
Alexandra Graham,agraham,alexandra.graham@yamosoft.com
Michelle Carr,mcarr,michelle.carr@yamosoft.com
Jonathan Hart,jhart,jonathan.hart@yamosoft.com
Richard Duncan,rduncan,richard.duncan@yamosoft.com
Peter Wilson,pwilson,peter.wilson@yamosoft.com
Wanda Robertson,wrobertson,wanda.robertson@yamosoft.com
Emma Langdon,elangdon,emma.langdon@yamosoft.com
Julia Hamilton,jhamilton,julia.hamilton@yamosoft.com
Jacob Randall,jrandall,jacob.randall@yamosoft.com
Yvonne Underwood,yunderwood,yvonne.underwood@yamosoft.com
Harry Thomson,hthomson,harry.thomson@yamosoft.com
Diane Brown,dbrown,diane.brown@yamosoft.com
Carl Nash,cnash,carl.nash@yamosoft.com
Emma Henderson,ehenderson,emma.henderson@yamosoft.com
Natalie Mackay,nmackay,natalie.mackay@yamosoft.com
Stephanie King,sking,stephanie.king@yamosoft.com
Victor Abraham,vabraham,victor.abraham@yamosoft.com
Caroline Wilson,cwilson,caroline.wilson@yamosoft.com
Emma Davies,edavies,emma.davies@yamosoft.com
Sophie Ogden,sogden,sophie.ogden@yamosoft.com
Simon Ferguson,sferguson,simon.ferguson@yamosoft.com
Pippa Berry,pberry,pippa.berry@yamosoft.com
Brandon McDonald,bmcdonald,brandon.mcdonald@yamosoft.com
Richard Hemmings,rhemmings,richard.hemmings@yamosoft.com
Rebecca Langdon,rlangdon,rebecca.langdon@yamosoft.com
Peter Parsons,pparsons,peter.parsons@yamosoft.com
Claire Rutherford,crutherford,claire.rutherford@yamosoft.com
Alexander McDonald,amcdonald,alexander.mcdonald@yamosoft.com
Brandon Metcalfe,bmetcalfe,brandon.metcalfe@yamosoft.com
Carolyn Lambert,clambert,carolyn.lambert@yamosoft.com
Dorothy Tucker,dtucker,dorothy.tucker@yamosoft.com
Lillian Bower,lbower,lillian.bower@yamosoft.com
Bella McLean,bmclean,bella.mclean@yamosoft.com
Jake Mills,jmills,jake.mills@yamosoft.com
Irene Berry,iberry,irene.berry@yamosoft.com
Edward Chapman,echapman,edward.chapman@yamosoft.com
Anne Berry,aberry,anne.berry@yamosoft.com
Julia Bell,jbell,julia.bell@yamosoft.com
Andrea Hughes,ahughes,andrea.hughes@yamosoft.com
Eric Clark,eclark,eric.clark@yamosoft.com
Alexandra Chapman,achapman,alexandra.chapman@yamosoft.com
Lucas Bower,lbower,lucas.bower@yamosoft.com
Emily Poole,epoole,emily.poole@yamosoft.com
Neil Underwood,nunderwood,neil.underwood@yamosoft.com
Ian Hodges,ihodges,ian.hodges@yamosoft.com
Adrian Walker,awalker,adrian.walker@yamosoft.com
Connor Wallace,cwallace,connor.wallace@yamosoft.com
Hannah Tucker,htucker,hannah.tucker@yamosoft.com
Jane Avery,javery,jane.avery@yamosoft.com
Tim Sanderson,tsanderson,tim.sanderson@yamosoft.com
Ruth Glover,rglover,ruth.glover@yamosoft.com
Grace Watson,gwatson,grace.watson@yamosoft.com
Isaac Scott,iscott,isaac.scott@yamosoft.com
Adam Churchill,achurchill,adam.churchill@yamosoft.com
Oliver Black,oblack,oliver.black@yamosoft.com
Benjamin Berry,bberry,benjamin.berry@yamosoft.com
Bella Lee,blee,bella.lee@yamosoft.com
Natalie Cameron,ncameron,natalie.cameron@yamosoft.com
Sally Morrison,smorrison,sally.morrison@yamosoft.com
Benjamin Martin,bmartin,benjamin.martin@yamosoft.com
Adam White,awhite,adam.white@yamosoft.com
Chloe Greene,cgreene,chloe.greene@yamosoft.com
Ella Hudson,ehudson,ella.hudson@yamosoft.com
Warren Gray,wgray,warren.gray@yamosoft.com
Wendy Payne,wpayne,wendy.payne@yamosoft.com
Jacob Piper,jpiper,jacob.piper@yamosoft.com
Rachel Jackson,rjackson,rachel.jackson@yamosoft.com
Lucas McLean,lmclean,lucas.mclean@yamosoft.com
Thomas Blake,tblake,thomas.blake@yamosoft.com
Ella Allan,eallan,ella.allan@yamosoft.com
Virginia Allan,vallan,virginia.allan@yamosoft.com
Joe Newman,jnewman,joe.newman@yamosoft.com
Isaac Hodges,ihodges,isaac.hodges@yamosoft.com
Frank Young,fyoung,frank.young@yamosoft.com
Blake Parr,bparr,blake.parr@yamosoft.com
Gordon Bell,gbell,gordon.bell@yamosoft.com
Ella Murray,emurray,ella.murray@yamosoft.com
Jacob Hodges,jhodges,jacob.hodges@yamosoft.com
Jake Dyer,jdyer,jake.dyer@yamosoft.com
Emma Wilson,ewilson,emma.wilson@yamosoft.com
Angela Bower,abower,angela.bower@yamosoft.com
Sebastian Oliver,soliver,sebastian.oliver@yamosoft.com
Samantha Fraser,sfraser,samantha.fraser@yamosoft.com
Rose Poole,rpoole,rose.poole@yamosoft.com
Ava Pullman,apullman,ava.pullman@yamosoft.com
Michelle MacLeod,mmacleod,michelle.macleod@yamosoft.com
Sally Skinner,sskinner,sally.skinner@yamosoft.com
Amelia Oliver,aoliver,amelia.oliver@yamosoft.com
Ella Wilkins,ewilkins,ella.wilkins@yamosoft.com
Brandon Clark,bclark,brandon.clark@yamosoft.com
Sue Henderson,shenderson,sue.henderson@yamosoft.com
Steven Henderson,shenderson,steven.henderson@yamosoft.com
Ryan Russell,rrussell,ryan.russell@yamosoft.com
Lily Butler,lbutler,lily.butler@yamosoft.com
Sebastian Randall,srandall,sebastian.randall@yamosoft.com
Leah Stewart,lstewart,leah.stewart@yamosoft.com
Jake Anderson,janderson,jake.anderson@yamosoft.com
Joanne Edmunds,jedmunds,joanne.edmunds@yamosoft.com
Rachel Walker,rwalker,rachel.walker@yamosoft.com
Sebastian Johnston,sjohnston,sebastian.johnston@yamosoft.com
Nathan Sutherland,nsutherland,nathan.sutherland@yamosoft.com
Nathan Skinner,nskinner,nathan.skinner@yamosoft.com
Melanie Kerr,mkerr,melanie.kerr@yamosoft.com
Lucas Dickens,ldickens,lucas.dickens@yamosoft.com
Keith Pullman,kpullman,keith.pullman@yamosoft.com
Wanda Hemmings,whemmings,wanda.hemmings@yamosoft.com
Adam Henderson,ahenderson,adam.henderson@yamosoft.com
Fiona Manning,fmanning,fiona.manning@yamosoft.com
Hannah Edmunds,hedmunds,hannah.edmunds@yamosoft.com
Simon Springer,sspringer,simon.springer@yamosoft.com
Amanda Langdon,alangdon,amanda.langdon@yamosoft.com
Colin Chapman,cchapman,colin.chapman@yamosoft.com
Sue Manning,smanning,sue.manning@yamosoft.com
Piers Fraser,pfraser,piers.fraser@yamosoft.com
Lisa Quinn,lquinn,lisa.quinn@yamosoft.com
Bella Turner,bturner,bella.turner@yamosoft.com
Joseph Slater,jslater,joseph.slater@yamosoft.com
Blake Hughes,bhughes,blake.hughes@yamosoft.com
Benjamin Watson,bwatson,benjamin.watson@yamosoft.com
Donna Metcalfe,dmetcalfe,donna.metcalfe@yamosoft.com
Christopher Gray,cgray,christopher.gray@yamosoft.com
Una Mackay,umackay,una.mackay@yamosoft.com
Matt Morgan,mmorgan,matt.morgan@yamosoft.com
Leonard Watson,lwatson,leonard.watson@yamosoft.com
Andrew Turner,aturner,andrew.turner@yamosoft.com
Nicholas Buckland,nbuckland,nicholas.buckland@yamosoft.com
Molly Butler,mbutler,molly.butler@yamosoft.com
Tim Fisher,tfisher,tim.fisher@yamosoft.com
Joshua Thomson,jthomson,joshua.thomson@yamosoft.com
Joe Smith,jsmith,joe.smith@yamosoft.com
Matt Forsyth,mforsyth,matt.forsyth@yamosoft.com
Boris Paterson,bpaterson,boris.paterson@yamosoft.com
Sam Gill,sgill,sam.gill@yamosoft.com
Zoe Ross,zross,zoe.ross@yamosoft.com
Tim Reid,treid,tim.reid@yamosoft.com
Eric Hart,ehart,eric.hart@yamosoft.com
Jessica Morgan,jmorgan,jessica.morgan@yamosoft.com
Felicity Springer,fspringer,felicity.springer@yamosoft.com
Christian Hart,chart,christian.hart@yamosoft.com
Pippa Fraser,pfraser,pippa.fraser@yamosoft.com
Audrey Baker,abaker,audrey.baker@yamosoft.com
Penelope North,pnorth,penelope.north@yamosoft.com
Rachel Rampling,rrampling,rachel.rampling@yamosoft.com
Nicholas Stewart,nstewart,nicholas.stewart@yamosoft.com
Phil Parr,pparr,phil.parr@yamosoft.com
Kylie Hart,khart,kylie.hart@yamosoft.com
Isaac Gray,igray,isaac.gray@yamosoft.com
Keith MacDonald,kmacdonald,keith.macdonald@yamosoft.com
Andrew Abraham,aabraham,andrew.abraham@yamosoft.com
Mary Watson,mwatson,mary.watson@yamosoft.com
Edward Mackenzie,emackenzie,edward.mackenzie@yamosoft.com
Faith Graham,fgraham,faith.graham@yamosoft.com
Sam Sanderson,ssanderson,sam.sanderson@yamosoft.com
Stephanie Stewart,sstewart,stephanie.stewart@yamosoft.com
Frank Wilkins,fwilkins,frank.wilkins@yamosoft.com
Connor Hardacre,chardacre,connor.hardacre@yamosoft.com
Cameron Campbell,ccampbell,cameron.campbell@yamosoft.com
Simon Lyman,slyman,simon.lyman@yamosoft.com
John Mills,jmills,john.mills@yamosoft.com
Neil Vaughan,nvaughan,neil.vaughan@yamosoft.com
Deirdre Ogden,dogden,deirdre.ogden@yamosoft.com
Connor Gray,cgray,connor.gray@yamosoft.com
Maria Welch,mwelch,maria.welch@yamosoft.com
Joanne Hart,jhart,joanne.hart@yamosoft.com
Sean Carr,scarr,sean.carr@yamosoft.com
Lillian Baker,lbaker,lillian.baker@yamosoft.com
Julia Blake,jblake,julia.blake@yamosoft.com
Brian Mackay,bmackay,brian.mackay@yamosoft.com
Austin Hardacre,ahardacre,austin.hardacre@yamosoft.com
Emma Forsyth,eforsyth,emma.forsyth@yamosoft.com
Thomas Edmunds,tedmunds,thomas.edmunds@yamosoft.com
Max Forsyth,mforsyth,max.forsyth@yamosoft.com
Victor Turner,vturner,victor.turner@yamosoft.com
Emma Walker,ewalker,emma.walker@yamosoft.com
Emma Clarkson,eclarkson,emma.clarkson@yamosoft.com
Gordon Murray,gmurray,gordon.murray@yamosoft.com
Pippa Taylor,ptaylor,pippa.taylor@yamosoft.com
Adam Mitchell,amitchell,adam.mitchell@yamosoft.com
Ian May,imay,ian.may@yamosoft.com
Brian Knox,bknox,brian.knox@yamosoft.com
Charles Bailey,cbailey,charles.bailey@yamosoft.com
Madeleine Langdon,mlangdon,madeleine.langdon@yamosoft.com
Bella Morgan,bmorgan,bella.morgan@yamosoft.com
Sonia Gill,sgill,sonia.gill@yamosoft.com
Carl Short,cshort,carl.short@yamosoft.com
Sam Wilkins,swilkins,sam.wilkins@yamosoft.com
Cameron Bailey,cbailey,cameron.bailey@yamosoft.com
Thomas Jones,tjones,thomas.jones@yamosoft.com
Liam Hart,lhart,liam.hart@yamosoft.com
Jessica Lyman,jlyman,jessica.lyman@yamosoft.com
Yvonne Ellison,yellison,yvonne.ellison@yamosoft.com
Irene Howard,ihoward,irene.howard@yamosoft.com
Jessica Nolan,jnolan,jessica.nolan@yamosoft.com
Lily Gray,lgray,lily.gray@yamosoft.com
Thomas North,tnorth,thomas.north@yamosoft.com
Amelia Harris,aharris,amelia.harris@yamosoft.com
Claire Greene,cgreene,claire.greene@yamosoft.com
Richard Springer,rspringer,richard.springer@yamosoft.com
Andrea Lee,alee,andrea.lee@yamosoft.com
Owen Clarkson,oclarkson,owen.clarkson@yamosoft.com
Gabrielle Ellison,gellison,gabrielle.ellison@yamosoft.com
Pippa Fisher,pfisher,pippa.fisher@yamosoft.com
Jack Nash,jnash,jack.nash@yamosoft.com
Carol Lambert,clambert,carol.lambert@yamosoft.com
Ian Oliver,ioliver,ian.oliver@yamosoft.com
William Wallace,wwallace,william.wallace@yamosoft.com
Jane Sharp,jsharp,jane.sharp@yamosoft.com
Rose Springer,rspringer,rose.springer@yamosoft.com
Rachel Lewis,rlewis,rachel.lewis@yamosoft.com
Warren Reid,wreid,warren.reid@yamosoft.com
Sally Berry,sberry,sally.berry@yamosoft.com
Wendy Pullman,wpullman,wendy.pullman@yamosoft.com
Hannah Rutherford,hrutherford,hannah.rutherford@yamosoft.com
Heather Cameron,hcameron,heather.cameron@yamosoft.com
Fiona Harris,fharris,fiona.harris@yamosoft.com
Heather Young,hyoung,heather.young@yamosoft.com
Carol Piper,cpiper,carol.piper@yamosoft.com
Michelle Mathis,mmathis,michelle.mathis@yamosoft.com
Frank James,fjames,frank.james@yamosoft.com
Peter Edmunds,pedmunds,peter.edmunds@yamosoft.com
Stephanie Henderson,shenderson,stephanie.henderson@yamosoft.com
Robert Hamilton,rhamilton,robert.hamilton@yamosoft.com
Stephen Clarkson,sclarkson,stephen.clarkson@yamosoft.com
Molly Avery,mavery,molly.avery@yamosoft.com
Diane Dickens,ddickens,diane.dickens@yamosoft.com
Isaac McLean,imclean,isaac.mclean@yamosoft.com
Phil Tucker,ptucker,phil.tucker@yamosoft.com
Una Ogden,uogden,una.ogden@yamosoft.com
Grace Nash,gnash,grace.nash@yamosoft.com
Victor Kelly,vkelly,victor.kelly@yamosoft.com
Fiona Ball,fball,fiona.ball@yamosoft.com
Max Scott,mscott,max.scott@yamosoft.com
Emily Parsons,eparsons,emily.parsons@yamosoft.com
Jessica McGrath,jmcgrath,jessica.mcgrath@yamosoft.com
Sean Burgess,sburgess,sean.burgess@yamosoft.com
Gabrielle Smith,gsmith,gabrielle.smith@yamosoft.com
Stephanie Carr,scarr,stephanie.carr@yamosoft.com
Austin Thomson,athomson,austin.thomson@yamosoft.com
Anthony Langdon,alangdon,anthony.langdon@yamosoft.com
Sarah Grant,sgrant,sarah.grant@yamosoft.com
Kylie Chapman,kchapman,kylie.chapman@yamosoft.com
James Payne,jpayne,james.payne@yamosoft.com
Faith Wilson,fwilson,faith.wilson@yamosoft.com
Brandon Hodges,bhodges,brandon.hodges@yamosoft.com
Cameron Clark,cclark,cameron.clark@yamosoft.com
Phil Carr,pcarr,phil.carr@yamosoft.com
Vanessa Clarkson,vclarkson,vanessa.clarkson@yamosoft.com
Sally Bailey,sbailey,sally.bailey@yamosoft.com
Ella Walsh,ewalsh,ella.walsh@yamosoft.com
Michael Ferguson,mferguson,michael.ferguson@yamosoft.com
Neil Chapman,nchapman,neil.chapman@yamosoft.com
Alexandra Ferguson,aferguson,alexandra.ferguson@yamosoft.com
Christian Wilson,cwilson,christian.wilson@yamosoft.com
Jason Peters,jpeters,jason.peters@yamosoft.com
Heather Quinn,hquinn,heather.quinn@yamosoft.com
Michael Wright,mwright,michael.wright@yamosoft.com
Samantha Cornish,scornish,samantha.cornish@yamosoft.com
Emma Glover,eglover,emma.glover@yamosoft.com
David Fisher,dfisher,david.fisher@yamosoft.com
Thomas Stewart,tstewart,thomas.stewart@yamosoft.com
Yvonne Short,yshort,yvonne.short@yamosoft.com
Steven Turner,sturner,steven.turner@yamosoft.com
Stephen Marshall,smarshall,stephen.marshall@yamosoft.com
Abigail Ross,aross,abigail.ross@yamosoft.com
Vanessa Quinn,vquinn,vanessa.quinn@yamosoft.com
Dylan Alsop,dalsop,dylan.alsop@yamosoft.com
Isaac Grant,igrant,isaac.grant@yamosoft.com
Christopher Welch,cwelch,christopher.welch@yamosoft.com
Abigail Peake,apeake,abigail.peake@yamosoft.com
Carolyn Davies,cdavies,carolyn.davies@yamosoft.com
Nicholas Nash,nnash,nicholas.nash@yamosoft.com
Dominic Burgess,dburgess,dominic.burgess@yamosoft.com
Molly Buckland,mbuckland,molly.buckland@yamosoft.com
Emily Anderson,eanderson,emily.anderson@yamosoft.com
Carolyn Ross,cross,carolyn.ross@yamosoft.com
Sue Allan,sallan,sue.allan@yamosoft.com
Rose Vaughan,rvaughan,rose.vaughan@yamosoft.com
Amelia Coleman,acoleman,amelia.coleman@yamosoft.com
Katherine Gill,kgill,katherine.gill@yamosoft.com
Jasmine Carr,jcarr,jasmine.carr@yamosoft.com
Tim Skinner,tskinner,tim.skinner@yamosoft.com
Jack Rutherford,jrutherford,jack.rutherford@yamosoft.com
Samantha Carr,scarr,samantha.carr@yamosoft.com
Charles Reid,creid,charles.reid@yamosoft.com
Fiona Parr,fparr,fiona.parr@yamosoft.com
Connor Bower,cbower,connor.bower@yamosoft.com
Vanessa Lee,vlee,vanessa.lee@yamosoft.com
Jack Blake,jblake,jack.blake@yamosoft.com
Phil Black,pblack,phil.black@yamosoft.com
Julia Duncan,jduncan,julia.duncan@yamosoft.com
Audrey Forsyth,aforsyth,audrey.forsyth@yamosoft.com
Andrea Randall,arandall,andrea.randall@yamosoft.com
Owen Jones,ojones,owen.jones@yamosoft.com
Anne Hart,ahart,anne.hart@yamosoft.com
Sue Hunter,shunter,sue.hunter@yamosoft.com
Kylie Newman,knewman,kylie.newman@yamosoft.com
Amanda Alsop,aalsop,amanda.alsop@yamosoft.com
Paul Avery,pavery,paul.avery@yamosoft.com
Andrea Wilkins,awilkins,andrea.wilkins@yamosoft.com
Neil Randall,nrandall,neil.randall@yamosoft.com
Julia Lewis,jlewis,julia.lewis@yamosoft.com
Anna Underwood,aunderwood,anna.underwood@yamosoft.com
Dan Tucker,dtucker,dan.tucker@yamosoft.com
Bella Martin,bmartin,bella.martin@yamosoft.com
Theresa Lambert,tlambert,theresa.lambert@yamosoft.com
Claire Johnston,cjohnston,claire.johnston@yamosoft.com
Ella Mills,emills,ella.mills@yamosoft.com
Sue Greene,sgreene,sue.greene@yamosoft.com
Colin Mackay,cmackay,colin.mackay@yamosoft.com
Deirdre Young,dyoung,deirdre.young@yamosoft.com
Dominic Bond,dbond,dominic.bond@yamosoft.com
Warren Avery,wavery,warren.avery@yamosoft.com
Chloe Gill,cgill,chloe.gill@yamosoft.com
Diane James,djames,diane.james@yamosoft.com
Joshua Hemmings,jhemmings,joshua.hemmings@yamosoft.com
Neil Forsyth,nforsyth,neil.forsyth@yamosoft.com
William Watson,wwatson,william.watson@yamosoft.com
Lauren Hughes,lhughes,lauren.hughes@yamosoft.com
Benjamin Randall,brandall,benjamin.randall@yamosoft.com
Rachel Hughes,rhughes,rachel.hughes@yamosoft.com
Brian Turner,bturner,brian.turner@yamosoft.com
Alison King,aking,alison.king@yamosoft.com
Chloe Walsh,cwalsh,chloe.walsh@yamosoft.com
Steven Churchill,schurchill,steven.churchill@yamosoft.com
Steven Nash,snash,steven.nash@yamosoft.com
Rebecca Arnold,rarnold,rebecca.arnold@yamosoft.com
Diane Stewart,dstewart,diane.stewart@yamosoft.com
Max Howard,mhoward,max.howard@yamosoft.com
Maria Taylor,mtaylor,maria.taylor@yamosoft.com
Angela Slater,aslater,angela.slater@yamosoft.com
Ryan Bailey,rbailey,ryan.bailey@yamosoft.com
Jake Stewart,jstewart,jake.stewart@yamosoft.com
Leonard Churchill,lchurchill,leonard.churchill@yamosoft.com
Lucas Mackenzie,lmackenzie,lucas.mackenzie@yamosoft.com
Bernadette Campbell,bcampbell,bernadette.campbell@yamosoft.com
Richard Robertson,rrobertson,richard.robertson@yamosoft.com
Sue Gray,sgray,sue.gray@yamosoft.com
Phil Henderson,phenderson,phil.henderson@yamosoft.com
Leonard Rampling,lrampling,leonard.rampling@yamosoft.com
Yvonne Abraham,yabraham,yvonne.abraham@yamosoft.com
Nathan Lyman,nlyman,nathan.lyman@yamosoft.com
Isaac McDonald,imcdonald,isaac.mcdonald@yamosoft.com
Lucas Knox,lknox,lucas.knox@yamosoft.com
Pippa Vaughan,pvaughan,pippa.vaughan@yamosoft.com
Richard Henderson,rhenderson,richard.henderson@yamosoft.com
Pippa Mathis,pmathis,pippa.mathis@yamosoft.com
Ryan Buckland,rbuckland,ryan.buckland@yamosoft.com
Ian Kelly,ikelly,ian.kelly@yamosoft.com
Joshua McGrath,jmcgrath,joshua.mcgrath@yamosoft.com
Irene Baker,ibaker,irene.baker@yamosoft.com
Brandon Harris,bharris,brandon.harris@yamosoft.com
Phil Arnold,parnold,phil.arnold@yamosoft.com
Jane Ball,jball,jane.ball@yamosoft.com
Megan Skinner,mskinner,megan.skinner@yamosoft.com
Robert Clark,rclark,robert.clark@yamosoft.com
Alexander Lyman,alyman,alexander.lyman@yamosoft.com
Wanda Davidson,wdavidson,wanda.davidson@yamosoft.com
Samantha Bailey,sbailey,samantha.bailey@yamosoft.com
Colin Miller,cmiller,colin.miller@yamosoft.com
Jane Thomson,jthomson,jane.thomson@yamosoft.com
Matt Tucker,mtucker,matt.tucker@yamosoft.com
Virginia Ogden,vogden,virginia.ogden@yamosoft.com
Lucas Grant,lgrant,lucas.grant@yamosoft.com
Leonard MacDonald,lmacdonald,leonard.macdonald@yamosoft.com
Joan Simpson,jsimpson,joan.simpson@yamosoft.com
Christian Tucker,ctucker,christian.tucker@yamosoft.com
Jacob McLean,jmclean,jacob.mclean@yamosoft.com
Grace Henderson,ghenderson,grace.henderson@yamosoft.com
Thomas McGrath,tmcgrath,thomas.mcgrath@yamosoft.com
Angela Bond,abond,angela.bond@yamosoft.com
Tracey Arnold,tarnold,tracey.arnold@yamosoft.com
Charles Hunter,chunter,charles.hunter@yamosoft.com
Virginia Paterson,vpaterson,virginia.paterson@yamosoft.com
Julian Ball,jball,julian.ball@yamosoft.com
Victor Brown,vbrown,victor.brown@yamosoft.com
Isaac Lambert,ilambert,isaac.lambert@yamosoft.com
Diana Mackay,dmackay,diana.mackay@yamosoft.com
Jan Parr,jparr,jan.parr@yamosoft.com
Robert Butler,rbutler,robert.butler@yamosoft.com
Sarah Morgan,smorgan,sarah.morgan@yamosoft.com
Sally Fraser,sfraser,sally.fraser@yamosoft.com
Frank Dickens,fdickens,frank.dickens@yamosoft.com
Yvonne Newman,ynewman,yvonne.newman@yamosoft.com
Ruth Avery,ravery,ruth.avery@yamosoft.com
Maria Manning,mmanning,maria.manning@yamosoft.com
Tracey Vance,tvance,tracey.vance@yamosoft.com
Oliver Watson,owatson,oliver.watson@yamosoft.com
Frank Howard,fhoward,frank.howard@yamosoft.com
Neil Springer,nspringer,neil.springer@yamosoft.com
Benjamin Wilson,bwilson,benjamin.wilson@yamosoft.com
Leonard Walsh,lwalsh,leonard.walsh@yamosoft.com
Theresa Cameron,tcameron,theresa.cameron@yamosoft.com
Carolyn Reid,creid,carolyn.reid@yamosoft.com
Alexandra Mackay,amackay,alexandra.mackay@yamosoft.com
Gabrielle Buckland,gbuckland,gabrielle.buckland@yamosoft.com
Wendy Kerr,wkerr,wendy.kerr@yamosoft.com
Adrian Slater,aslater,adrian.slater@yamosoft.com
Molly Watson,mwatson,molly.watson@yamosoft.com
Amy Rutherford,arutherford,amy.rutherford@yamosoft.com
Donna Baker,dbaker,donna.baker@yamosoft.com
Joanne Dickens,jdickens,joanne.dickens@yamosoft.com
Gordon Powell,gpowell,gordon.powell@yamosoft.com
Ian Stewart,istewart,ian.stewart@yamosoft.com
Tim McDonald,tmcdonald,tim.mcdonald@yamosoft.com
Heather Clark,hclark,heather.clark@yamosoft.com
Robert Bailey,rbailey,robert.bailey@yamosoft.com
Elizabeth Hughes,ehughes,elizabeth.hughes@yamosoft.com
Bernadette Terry,bterry,bernadette.terry@yamosoft.com
Brian Campbell,bcampbell,brian.campbell@yamosoft.com
Anne Arnold,aarnold,anne.arnold@yamosoft.com
Samantha Powell,spowell,samantha.powell@yamosoft.com
Stewart Anderson,sanderson,stewart.anderson@yamosoft.com
Edward Simpson,esimpson,edward.simpson@yamosoft.com
Jason Blake,jblake,jason.blake@yamosoft.com
Elizabeth Smith,esmith,elizabeth.smith@yamosoft.com
Alan Wright,awright,alan.wright@yamosoft.com
Elizabeth Parsons,eparsons,elizabeth.parsons@yamosoft.com
John MacDonald,jmacdonald,john.macdonald@yamosoft.com
Leah Sutherland,lsutherland,leah.sutherland@yamosoft.com
Karen Buckland,kbuckland,karen.buckland@yamosoft.com
Ian Lawrence,ilawrence,ian.lawrence@yamosoft.com
Joseph Graham,jgraham,joseph.graham@yamosoft.com
Peter Sharp,psharp,peter.sharp@yamosoft.com
Amelia Langdon,alangdon,amelia.langdon@yamosoft.com
Alexandra Grant,agrant,alexandra.grant@yamosoft.com
Faith Hill,fhill,faith.hill@yamosoft.com
Warren Piper,wpiper,warren.piper@yamosoft.com
Sam Newman,snewman,sam.newman@yamosoft.com
Brandon Rampling,brampling,brandon.rampling@yamosoft.com
Blake Robertson,brobertson,blake.robertson@yamosoft.com
Katherine Skinner,kskinner,katherine.skinner@yamosoft.com
Lillian Paterson,lpaterson,lillian.paterson@yamosoft.com
Adrian Gibson,agibson,adrian.gibson@yamosoft.com
Kimberly Lee,klee,kimberly.lee@yamosoft.com
Deirdre Hart,dhart,deirdre.hart@yamosoft.com
Theresa Johnston,tjohnston,theresa.johnston@yamosoft.com
Dan Vance,dvance,dan.vance@yamosoft.com
Dominic Bailey,dbailey,dominic.bailey@yamosoft.com
Amanda Walker,awalker,amanda.walker@yamosoft.com
Nathan Scott,nscott,nathan.scott@yamosoft.com
Virginia Duncan,vduncan,virginia.duncan@yamosoft.com
Leonard Stewart,lstewart,leonard.stewart@yamosoft.com
Steven Baker,sbaker,steven.baker@yamosoft.com
Bernadette Rutherford,brutherford,bernadette.rutherford@yamosoft.com
Diana Hart,dhart,diana.hart@yamosoft.com
Evan Lee,elee,evan.lee@yamosoft.com
Stephen Ball,sball,stephen.ball@yamosoft.com
Mary Ellison,mellison,mary.ellison@yamosoft.com
Zoe McDonald,zmcdonald,zoe.mcdonald@yamosoft.com
Alan Clarkson,aclarkson,alan.clarkson@yamosoft.com
Brandon Kelly,bkelly,brandon.kelly@yamosoft.com
Steven Scott,sscott,steven.scott@yamosoft.com
Sophie Tucker,stucker,sophie.tucker@yamosoft.com
Luke North,lnorth,luke.north@yamosoft.com
Ian James,ijames,ian.james@yamosoft.com
Alexander Hart,ahart,alexander.hart@yamosoft.com
Adam Abraham,aabraham,adam.abraham@yamosoft.com
Kylie Underwood,kunderwood,kylie.underwood@yamosoft.com
Benjamin Marshall,bmarshall,benjamin.marshall@yamosoft.com
Kylie McDonald,kmcdonald,kylie.mcdonald@yamosoft.com
Hannah Baker,hbaker,hannah.baker@yamosoft.com
Jake Roberts,jroberts,jake.roberts@yamosoft.com
Rebecca Cornish,rcornish,rebecca.cornish@yamosoft.com
Neil Poole,npoole,neil.poole@yamosoft.com
Victor Poole,vpoole,victor.poole@yamosoft.com
Harry Taylor,htaylor,harry.taylor@yamosoft.com
Michael Howard,mhoward,michael.howard@yamosoft.com
Christopher Dowd,cdowd,christopher.dowd@yamosoft.com
Una Manning,umanning,una.manning@yamosoft.com
Stephen Dickens,sdickens,stephen.dickens@yamosoft.com
Nicola Simpson,nsimpson,nicola.simpson@yamosoft.com
Liam Slater,lslater,liam.slater@yamosoft.com
Isaac White,iwhite,isaac.white@yamosoft.com
Victoria McLean,vmclean,victoria.mclean@yamosoft.com
Carl Terry,cterry,carl.terry@yamosoft.com
Penelope Harris,pharris,penelope.harris@yamosoft.com
Sally Lyman,slyman,sally.lyman@yamosoft.com
Julia Ross,jross,julia.ross@yamosoft.com
Joan Knox,jknox,joan.knox@yamosoft.com
Kimberly Wilson,kwilson,kimberly.wilson@yamosoft.com
Claire Murray,cmurray,claire.murray@yamosoft.com
Lily Allan,lallan,lily.allan@yamosoft.com
Penelope Gibson,pgibson,penelope.gibson@yamosoft.com
Jack Campbell,jcampbell,jack.campbell@yamosoft.com
Frank Powell,fpowell,frank.powell@yamosoft.com
Robert Turner,rturner,robert.turner@yamosoft.com
Harry Peters,hpeters,harry.peters@yamosoft.com
Boris Vaughan,bvaughan,boris.vaughan@yamosoft.com
Megan Paterson,mpaterson,megan.paterson@yamosoft.com
Heather Oliver,holiver,heather.oliver@yamosoft.com
Alexandra Metcalfe,ametcalfe,alexandra.metcalfe@yamosoft.com
Benjamin Nolan,bnolan,benjamin.nolan@yamosoft.com
Piers Powell,ppowell,piers.powell@yamosoft.com
Stewart Ogden,sogden,stewart.ogden@yamosoft.com
Robert Black,rblack,robert.black@yamosoft.com
Zoe Dickens,zdickens,zoe.dickens@yamosoft.com
Sam Martin,smartin,sam.martin@yamosoft.com
Paul Ball,pball,paul.ball@yamosoft.com
Abigail Parsons,aparsons,abigail.parsons@yamosoft.com
Bernadette Wilkins,bwilkins,bernadette.wilkins@yamosoft.com
Paul Dowd,pdowd,paul.dowd@yamosoft.com
Jasmine Allan,jallan,jasmine.allan@yamosoft.com
Andrea Burgess,aburgess,andrea.burgess@yamosoft.com
Frank Stewart,fstewart,frank.stewart@yamosoft.com
Donna Duncan,dduncan,donna.duncan@yamosoft.com
Joe Hardacre,jhardacre,joe.hardacre@yamosoft.com
Eric Manning,emanning,eric.manning@yamosoft.com
Lauren Paige,lpaige,lauren.paige@yamosoft.com
Vanessa Reid,vreid,vanessa.reid@yamosoft.com
Emily Mackay,emackay,emily.mackay@yamosoft.com
Joe Taylor,jtaylor,joe.taylor@yamosoft.com
Frank Paterson,fpaterson,frank.paterson@yamosoft.com
Katherine Hart,khart,katherine.hart@yamosoft.com
Megan Watson,mwatson,megan.watson@yamosoft.com
Sarah Oliver,soliver,sarah.oliver@yamosoft.com
Austin Morrison,amorrison,austin.morrison@yamosoft.com
Molly Knox,mknox,molly.knox@yamosoft.com
Angela Lambert,alambert,angela.lambert@yamosoft.com
Fiona Reid,freid,fiona.reid@yamosoft.com
Rebecca Miller,rmiller,rebecca.miller@yamosoft.com
Melanie Quinn,mquinn,melanie.quinn@yamosoft.com
Rose Walker,rwalker,rose.walker@yamosoft.com
Chloe Peters,cpeters,chloe.peters@yamosoft.com
Theresa Mathis,tmathis,theresa.mathis@yamosoft.com
Harry Morgan,hmorgan,harry.morgan@yamosoft.com
Chloe MacLeod,cmacleod,chloe.macleod@yamosoft.com
Jacob King,jking,jacob.king@yamosoft.com
Chloe Mathis,cmathis,chloe.mathis@yamosoft.com
Frank Springer,fspringer,frank.springer@yamosoft.com
Phil Slater,pslater,phil.slater@yamosoft.com
Mary Nash,mnash,mary.nash@yamosoft.com
Gavin Poole,gpoole,gavin.poole@yamosoft.com
Sonia Burgess,sburgess,sonia.burgess@yamosoft.com
Ruth Welch,rwelch,ruth.welch@yamosoft.com
Jake Randall,jrandall,jake.randall@yamosoft.com
Dan Mackenzie,dmackenzie,dan.mackenzie@yamosoft.com
Tracey Hunter,thunter,tracey.hunter@yamosoft.com
Ava Ince,aince,ava.ince@yamosoft.com
Dorothy White,dwhite,dorothy.white@yamosoft.com
Alexander Welch,awelch,alexander.welch@yamosoft.com
Jessica Marshall,jmarshall,jessica.marshall@yamosoft.com
Julian Baker,jbaker,julian.baker@yamosoft.com
Caroline Bailey,cbailey,caroline.bailey@yamosoft.com
Cameron North,cnorth,cameron.north@yamosoft.com
Penelope Metcalfe,pmetcalfe,penelope.metcalfe@yamosoft.com
Brian White,bwhite,brian.white@yamosoft.com
Jonathan Hudson,jhudson,jonathan.hudson@yamosoft.com
Sebastian Black,sblack,sebastian.black@yamosoft.com
Boris Cornish,bcornish,boris.cornish@yamosoft.com
Victor Gill,vgill,victor.gill@yamosoft.com
Frank Lawrence,flawrence,frank.lawrence@yamosoft.com
Benjamin Quinn,bquinn,benjamin.quinn@yamosoft.com
Deirdre Mathis,dmathis,deirdre.mathis@yamosoft.com
Wanda White,wwhite,wanda.white@yamosoft.com
Zoe Roberts,zroberts,zoe.roberts@yamosoft.com
Oliver Clark,oclark,oliver.clark@yamosoft.com
Adrian Jackson,ajackson,adrian.jackson@yamosoft.com
Isaac Vaughan,ivaughan,isaac.vaughan@yamosoft.com
Andrew Oliver,aoliver,andrew.oliver@yamosoft.com
Natalie Short,nshort,natalie.short@yamosoft.com
Lisa Butler,lbutler,lisa.butler@yamosoft.com
Molly Paige,mpaige,molly.paige@yamosoft.com
Ruth Mills,rmills,ruth.mills@yamosoft.com
Trevor Miller,tmiller,trevor.miller@yamosoft.com
Jack Wallace,jwallace,jack.wallace@yamosoft.com
Harry Hamilton,hhamilton,harry.hamilton@yamosoft.com
Victoria McGrath,vmcgrath,victoria.mcgrath@yamosoft.com
Leah Dowd,ldowd,leah.dowd@yamosoft.com
Karen Miller,kmiller,karen.miller@yamosoft.com
Katherine Simpson,ksimpson,katherine.simpson@yamosoft.com
Lillian Roberts,lroberts,lillian.roberts@yamosoft.com
Diana Graham,dgraham,diana.graham@yamosoft.com
Diana Young,dyoung,diana.young@yamosoft.com
Carol Manning,cmanning,carol.manning@yamosoft.com
Lauren Mackay,lmackay,lauren.mackay@yamosoft.com
Stephanie Hardacre,shardacre,stephanie.hardacre@yamosoft.com
Adam Jones,ajones,adam.jones@yamosoft.com
Bernadette Quinn,bquinn,bernadette.quinn@yamosoft.com
Piers Hemmings,phemmings,piers.hemmings@yamosoft.com
Nicola White,nwhite,nicola.white@yamosoft.com
Gordon Duncan,gduncan,gordon.duncan@yamosoft.com
Sonia Fraser,sfraser,sonia.fraser@yamosoft.com
Wendy Skinner,wskinner,wendy.skinner@yamosoft.com
Chloe Paterson,cpaterson,chloe.paterson@yamosoft.com
Benjamin Turner,bturner,benjamin.turner@yamosoft.com
Sean Edmunds,sedmunds,sean.edmunds@yamosoft.com
Sue Piper,spiper,sue.piper@yamosoft.com
Nathan May,nmay,nathan.may@yamosoft.com
Liam Gill,lgill,liam.gill@yamosoft.com
Ella Forsyth,eforsyth,ella.forsyth@yamosoft.com
Olivia Dyer,odyer,olivia.dyer@yamosoft.com
Owen Lawrence,olawrence,owen.lawrence@yamosoft.com
Victor Carr,vcarr,victor.carr@yamosoft.com
Christopher Rutherford,crutherford,christopher.rutherford@yamosoft.com
Stephanie Hamilton,shamilton,stephanie.hamilton@yamosoft.com
Sophie Duncan,sduncan,sophie.duncan@yamosoft.com
Bernadette Randall,brandall,bernadette.randall@yamosoft.com
Michael Rampling,mrampling,michael.rampling@yamosoft.com
Stewart Clark,sclark,stewart.clark@yamosoft.com
Emma Mackenzie,emackenzie,emma.mackenzie@yamosoft.com
Edward Metcalfe,emetcalfe,edward.metcalfe@yamosoft.com
Deirdre Davidson,ddavidson,deirdre.davidson@yamosoft.com
Zoe Glover,zglover,zoe.glover@yamosoft.com
Thomas Wallace,twallace,thomas.wallace@yamosoft.com
William Jackson,wjackson,william.jackson@yamosoft.com
Joanne Kerr,jkerr,joanne.kerr@yamosoft.com
Grace Campbell,gcampbell,grace.campbell@yamosoft.com
Pippa Murray,pmurray,pippa.murray@yamosoft.com
Boris Ogden,bogden,boris.ogden@yamosoft.com
Olivia Ball,oball,olivia.ball@yamosoft.com
Emma Stewart,estewart,emma.stewart@yamosoft.com
Tim Wilson,twilson,tim.wilson@yamosoft.com
Ian Mackay,imackay,ian.mackay@yamosoft.com
Nathan Jones,njones,nathan.jones@yamosoft.com
Christian Forsyth,cforsyth,christian.forsyth@yamosoft.com
Harry Sutherland,hsutherland,harry.sutherland@yamosoft.com
Andrew Vaughan,avaughan,andrew.vaughan@yamosoft.com
Jennifer Mackenzie,jmackenzie,jennifer.mackenzie@yamosoft.com
Amanda Smith,asmith,amanda.smith@yamosoft.com
Mary Vance,mvance,mary.vance@yamosoft.com
Brian Wilkins,bwilkins,brian.wilkins@yamosoft.com
Jennifer Sanderson,jsanderson,jennifer.sanderson@yamosoft.com
Audrey Buckland,abuckland,audrey.buckland@yamosoft.com
Gavin Walker,gwalker,gavin.walker@yamosoft.com
Lisa Lewis,llewis,lisa.lewis@yamosoft.com
Lillian Gill,lgill,lillian.gill@yamosoft.com
Olivia Grant,ogrant,olivia.grant@yamosoft.com
Carol Hodges,chodges,carol.hodges@yamosoft.com
Jasmine Ellison,jellison,jasmine.ellison@yamosoft.com
Sally Ross,sross,sally.ross@yamosoft.com
Evan Black,eblack,evan.black@yamosoft.com
Amelia Ellison,aellison,amelia.ellison@yamosoft.com
Stephen Hudson,shudson,stephen.hudson@yamosoft.com
Joanne May,jmay,joanne.may@yamosoft.com
Dan Blake,dblake,dan.blake@yamosoft.com
Hannah Powell,hpowell,hannah.powell@yamosoft.com
Jessica Graham,jgraham,jessica.graham@yamosoft.com
Jessica Roberts,jroberts,jessica.roberts@yamosoft.com
Boris MacDonald,bmacdonald,boris.macdonald@yamosoft.com
Tracey Underwood,tunderwood,tracey.underwood@yamosoft.com
Virginia Glover,vglover,virginia.glover@yamosoft.com
Lily Nolan,lnolan,lily.nolan@yamosoft.com
Paul Burgess,pburgess,paul.burgess@yamosoft.com
Jack Lyman,jlyman,jack.lyman@yamosoft.com
Phil Roberts,proberts,phil.roberts@yamosoft.com
Rachel Parr,rparr,rachel.parr@yamosoft.com
Diane Newman,dnewman,diane.newman@yamosoft.com
Thomas Robertson,trobertson,thomas.robertson@yamosoft.com
Sebastian Paterson,spaterson,sebastian.paterson@yamosoft.com
Yvonne Hemmings,yhemmings,yvonne.hemmings@yamosoft.com
Gordon Cornish,gcornish,gordon.cornish@yamosoft.com
Tim Vaughan,tvaughan,tim.vaughan@yamosoft.com
Joseph Campbell,jcampbell,joseph.campbell@yamosoft.com
Sue Walker,swalker,sue.walker@yamosoft.com
Blake Clark,bclark,blake.clark@yamosoft.com
Una Jones,ujones,una.jones@yamosoft.com
Penelope Howard,phoward,penelope.howard@yamosoft.com
Eric Murray,emurray,eric.murray@yamosoft.com
Lucas Fraser,lfraser,lucas.fraser@yamosoft.com
Bella Scott,bscott,bella.scott@yamosoft.com
Madeleine Turner,mturner,madeleine.turner@yamosoft.com
Emma Sutherland,esutherland,emma.sutherland@yamosoft.com
Diana Rees,drees,diana.rees@yamosoft.com
Richard Paterson,rpaterson,richard.paterson@yamosoft.com
Carolyn Wilkins,cwilkins,carolyn.wilkins@yamosoft.com
Eric Baker,ebaker,eric.baker@yamosoft.com
Victoria Bell,vbell,victoria.bell@yamosoft.com
Cameron Walker,cwalker,cameron.walker@yamosoft.com
Dylan Cornish,dcornish,dylan.cornish@yamosoft.com
Jennifer Dyer,jdyer,jennifer.dyer@yamosoft.com
Ryan Manning,rmanning,ryan.manning@yamosoft.com
Dan Davidson,ddavidson,dan.davidson@yamosoft.com
Sebastian King,sking,sebastian.king@yamosoft.com
Felicity Henderson,fhenderson,felicity.henderson@yamosoft.com
Brandon Lawrence,blawrence,brandon.lawrence@yamosoft.com
Kylie Mitchell,kmitchell,kylie.mitchell@yamosoft.com
Jason Chapman,jchapman,jason.chapman@yamosoft.com
Tim Miller,tmiller,tim.miller@yamosoft.com
Charles Mackenzie,cmackenzie,charles.mackenzie@yamosoft.com
Audrey Russell,arussell,audrey.russell@yamosoft.com
Una McGrath,umcgrath,una.mcgrath@yamosoft.com
Rebecca Thomson,rthomson,rebecca.thomson@yamosoft.com
Steven Blake,sblake,steven.blake@yamosoft.com
Sean Cameron,scameron,sean.cameron@yamosoft.com
Gordon McLean,gmclean,gordon.mclean@yamosoft.com
Elizabeth Watson,ewatson,elizabeth.watson@yamosoft.com
Elizabeth Ellison,eellison,elizabeth.ellison@yamosoft.com
William Clark,wclark,william.clark@yamosoft.com
Julia Langdon,jlangdon,julia.langdon@yamosoft.com
Lillian Davies,ldavies,lillian.davies@yamosoft.com
Gavin Peters,gpeters,gavin.peters@yamosoft.com
Alan Hudson,ahudson,alan.hudson@yamosoft.com
Adam Fraser,afraser,adam.fraser@yamosoft.com
Eric Dyer,edyer,eric.dyer@yamosoft.com
Christopher Coleman,ccoleman,christopher.coleman@yamosoft.com
Mary Davidson,mdavidson,mary.davidson@yamosoft.com
Eric Ball,eball,eric.ball@yamosoft.com
Sonia Hunter,shunter,sonia.hunter@yamosoft.com
Jennifer Slater,jslater,jennifer.slater@yamosoft.com
Amelia Cornish,acornish,amelia.cornish@yamosoft.com
Lisa Paige,lpaige,lisa.paige@yamosoft.com
Nathan Parsons,nparsons,nathan.parsons@yamosoft.com
Nicola Edmunds,nedmunds,nicola.edmunds@yamosoft.com
Katherine McLean,kmclean,katherine.mclean@yamosoft.com
Amanda Morrison,amorrison,amanda.morrison@yamosoft.com
Carl Robertson,crobertson,carl.robertson@yamosoft.com
Lillian Dowd,ldowd,lillian.dowd@yamosoft.com
Dominic Vaughan,dvaughan,dominic.vaughan@yamosoft.com
Christopher Forsyth,cforsyth,christopher.forsyth@yamosoft.com
Hannah Lewis,hlewis,hannah.lewis@yamosoft.com
Michelle Graham,mgraham,michelle.graham@yamosoft.com
Felicity Duncan,fduncan,felicity.duncan@yamosoft.com
Tracey Ellison,tellison,tracey.ellison@yamosoft.com
Ella Glover,eglover,ella.glover@yamosoft.com
Alexandra Dowd,adowd,alexandra.dowd@yamosoft.com
Alexander Wright,awright,alexander.wright@yamosoft.com
Austin Butler,abutler,austin.butler@yamosoft.com
Connor Dowd,cdowd,connor.dowd@yamosoft.com
Madeleine Parr,mparr,madeleine.parr@yamosoft.com
James Springer,jspringer,james.springer@yamosoft.com
Audrey Henderson,ahenderson,audrey.henderson@yamosoft.com
Julia Wilkins,jwilkins,julia.wilkins@yamosoft.com
Heather Lambert,hlambert,heather.lambert@yamosoft.com
Carl Gibson,cgibson,carl.gibson@yamosoft.com
Dylan Ince,dince,dylan.ince@yamosoft.com
Gordon Grant,ggrant,gordon.grant@yamosoft.com
Christopher Oliver,coliver,christopher.oliver@yamosoft.com
Jake Lambert,jlambert,jake.lambert@yamosoft.com
Jennifer Dickens,jdickens,jennifer.dickens@yamosoft.com
Bernadette McDonald,bmcdonald,bernadette.mcdonald@yamosoft.com
Dominic Gill,dgill,dominic.gill@yamosoft.com
Isaac Payne,ipayne,isaac.payne@yamosoft.com
Bella Sharp,bsharp,bella.sharp@yamosoft.com
Pippa Morgan,pmorgan,pippa.morgan@yamosoft.com
Pippa Wilson,pwilson,pippa.wilson@yamosoft.com
Lisa Rees,lrees,lisa.rees@yamosoft.com
Melanie Howard,mhoward,melanie.howard@yamosoft.com
Christian Thomson,cthomson,christian.thomson@yamosoft.com
Leonard Cornish,lcornish,leonard.cornish@yamosoft.com
Stewart Payne,spayne,stewart.payne@yamosoft.com
Oliver Davies,odavies,oliver.davies@yamosoft.com
Neil Smith,nsmith,neil.smith@yamosoft.com
Michelle Hamilton,mhamilton,michelle.hamilton@yamosoft.com
Jake Rees,jrees,jake.rees@yamosoft.com
Alan Gibson,agibson,alan.gibson@yamosoft.com
Melanie Lawrence,mlawrence,melanie.lawrence@yamosoft.com
Carol Jackson,cjackson,carol.jackson@yamosoft.com
Theresa Piper,tpiper,theresa.piper@yamosoft.com
Grace Tucker,gtucker,grace.tucker@yamosoft.com
Samantha King,sking,samantha.king@yamosoft.com
Connor Abraham,cabraham,connor.abraham@yamosoft.com
Luke Johnston,ljohnston,luke.johnston@yamosoft.com
Vanessa Davies,vdavies,vanessa.davies@yamosoft.com
Gordon Howard,ghoward,gordon.howard@yamosoft.com
Oliver Allan,oallan,oliver.allan@yamosoft.com
Maria Dowd,mdowd,maria.dowd@yamosoft.com
Rachel Berry,rberry,rachel.berry@yamosoft.com
Andrea Dowd,adowd,andrea.dowd@yamosoft.com
Julian Bailey,jbailey,julian.bailey@yamosoft.com
Tim Stewart,tstewart,tim.stewart@yamosoft.com
Fiona Hill,fhill,fiona.hill@yamosoft.com
Boris Taylor,btaylor,boris.taylor@yamosoft.com
Virginia McDonald,vmcdonald,virginia.mcdonald@yamosoft.com
Madeleine Morrison,mmorrison,madeleine.morrison@yamosoft.com
Cameron Ferguson,cferguson,cameron.ferguson@yamosoft.com
Evan MacDonald,emacdonald,evan.macdonald@yamosoft.com
Yvonne Hardacre,yhardacre,yvonne.hardacre@yamosoft.com
Karen Paige,kpaige,karen.paige@yamosoft.com
Madeleine Edmunds,medmunds,madeleine.edmunds@yamosoft.com
Sarah Butler,sbutler,sarah.butler@yamosoft.com
Olivia Baker,obaker,olivia.baker@yamosoft.com
Jasmine Chapman,jchapman,jasmine.chapman@yamosoft.com
Carl Walker,cwalker,carl.walker@yamosoft.com
Diane Churchill,dchurchill,diane.churchill@yamosoft.com
Karen Fraser,kfraser,karen.fraser@yamosoft.com
Yvonne Kelly,ykelly,yvonne.kelly@yamosoft.com
Sam Mackenzie,smackenzie,sam.mackenzie@yamosoft.com
Natalie Manning,nmanning,natalie.manning@yamosoft.com
Wanda Abraham,wabraham,wanda.abraham@yamosoft.com
Boris Gray,bgray,boris.gray@yamosoft.com
Michael Allan,mallan,michael.allan@yamosoft.com
Sarah Allan,sallan,sarah.allan@yamosoft.com
Robert Thomson,rthomson,robert.thomson@yamosoft.com
Megan Abraham,mabraham,megan.abraham@yamosoft.com
Emma Gibson,egibson,emma.gibson@yamosoft.com
Leonard Walker,lwalker,leonard.walker@yamosoft.com
Joe Hudson,jhudson,joe.hudson@yamosoft.com
Alan Mackenzie,amackenzie,alan.mackenzie@yamosoft.com
Caroline Edmunds,cedmunds,caroline.edmunds@yamosoft.com
Dylan Clarkson,dclarkson,dylan.clarkson@yamosoft.com
Pippa Bond,pbond,pippa.bond@yamosoft.com
Julian Duncan,jduncan,julian.duncan@yamosoft.com
Olivia Knox,oknox,olivia.knox@yamosoft.com
Stephanie Hughes,shughes,stephanie.hughes@yamosoft.com
Pippa Martin,pmartin,pippa.martin@yamosoft.com
Rebecca Quinn,rquinn,rebecca.quinn@yamosoft.com
Ava Walsh,awalsh,ava.walsh@yamosoft.com
Julia Lyman,jlyman,julia.lyman@yamosoft.com
Chloe Baker,cbaker,chloe.baker@yamosoft.com
Christopher Ball,cball,christopher.ball@yamosoft.com
Ava Dickens,adickens,ava.dickens@yamosoft.com
Gordon Kelly,gkelly,gordon.kelly@yamosoft.com
Virginia Underwood,vunderwood,virginia.underwood@yamosoft.com
Donna Slater,dslater,donna.slater@yamosoft.com
Blake Lewis,blewis,blake.lewis@yamosoft.com
Lucas Buckland,lbuckland,lucas.buckland@yamosoft.com
Leonard Scott,lscott,leonard.scott@yamosoft.com
Eric Cameron,ecameron,eric.cameron@yamosoft.com
Max Thomson,mthomson,max.thomson@yamosoft.com
Julia May,jmay,julia.may@yamosoft.com
Angela Brown,abrown,angela.brown@yamosoft.com
Leonard McLean,lmclean,leonard.mclean@yamosoft.com
Steven Quinn,squinn,steven.quinn@yamosoft.com
Owen Ince,oince,owen.ince@yamosoft.com
Christian Ferguson,cferguson,christian.ferguson@yamosoft.com
Adrian Hunter,ahunter,adrian.hunter@yamosoft.com
Brandon Reid,breid,brandon.reid@yamosoft.com
Irene Jones,ijones,irene.jones@yamosoft.com
Lillian Stewart,lstewart,lillian.stewart@yamosoft.com
Zoe Baker,zbaker,zoe.baker@yamosoft.com
Alexander Wilkins,awilkins,alexander.wilkins@yamosoft.com
Dan Hamilton,dhamilton,dan.hamilton@yamosoft.com
Heather Sanderson,hsanderson,heather.sanderson@yamosoft.com
Jennifer Graham,jgraham,jennifer.graham@yamosoft.com
Karen Parr,kparr,karen.parr@yamosoft.com
Thomas Fisher,tfisher,thomas.fisher@yamosoft.com
Grace Turner,gturner,grace.turner@yamosoft.com
Mary Jones,mjones,mary.jones@yamosoft.com
Warren Allan,wallan,warren.allan@yamosoft.com
Austin Mathis,amathis,austin.mathis@yamosoft.com
Tim Hughes,thughes,tim.hughes@yamosoft.com
Lisa Mitchell,lmitchell,lisa.mitchell@yamosoft.com
Irene Skinner,iskinner,irene.skinner@yamosoft.com
Zoe Bower,zbower,zoe.bower@yamosoft.com
Jason Greene,jgreene,jason.greene@yamosoft.com
Heather Hart,hhart,heather.hart@yamosoft.com
Jason Mackenzie,jmackenzie,jason.mackenzie@yamosoft.com
Rebecca Martin,rmartin,rebecca.martin@yamosoft.com
Leah Skinner,lskinner,leah.skinner@yamosoft.com
Matt Gray,mgray,matt.gray@yamosoft.com
Tracey Manning,tmanning,tracey.manning@yamosoft.com
Emily Wilkins,ewilkins,emily.wilkins@yamosoft.com
Warren Underwood,wunderwood,warren.underwood@yamosoft.com
Sally Newman,snewman,sally.newman@yamosoft.com
Kylie Rees,krees,kylie.rees@yamosoft.com
Karen Langdon,klangdon,karen.langdon@yamosoft.com
Boris Knox,bknox,boris.knox@yamosoft.com
Bella May,bmay,bella.may@yamosoft.com
Trevor Mitchell,tmitchell,trevor.mitchell@yamosoft.com
Austin Gibson,agibson,austin.gibson@yamosoft.com
Stephen Duncan,sduncan,stephen.duncan@yamosoft.com
Andrew McLean,amclean,andrew.mclean@yamosoft.com
Richard Hunter,rhunter,richard.hunter@yamosoft.com
Connor Robertson,crobertson,connor.robertson@yamosoft.com
Alison Hemmings,ahemmings,alison.hemmings@yamosoft.com
Emma Quinn,equinn,emma.quinn@yamosoft.com
Sonia Bower,sbower,sonia.bower@yamosoft.com
David Hunter,dhunter,david.hunter@yamosoft.com
Penelope Cornish,pcornish,penelope.cornish@yamosoft.com
Michelle Cameron,mcameron,michelle.cameron@yamosoft.com
Deirdre Ellison,dellison,deirdre.ellison@yamosoft.com
Boris Miller,bmiller,boris.miller@yamosoft.com
Joanne Glover,jglover,joanne.glover@yamosoft.com
Lucas McDonald,lmcdonald,lucas.mcdonald@yamosoft.com
Stephen Bell,sbell,stephen.bell@yamosoft.com
Hannah Hardacre,hhardacre,hannah.hardacre@yamosoft.com
Christopher Randall,crandall,christopher.randall@yamosoft.com
Jacob McGrath,jmcgrath,jacob.mcgrath@yamosoft.com
Fiona Welch,fwelch,fiona.welch@yamosoft.com
Jasmine Nash,jnash,jasmine.nash@yamosoft.com
Lillian Randall,lrandall,lillian.randall@yamosoft.com
Jessica Peake,jpeake,jessica.peake@yamosoft.com
Nathan Campbell,ncampbell,nathan.campbell@yamosoft.com
Sophie King,sking,sophie.king@yamosoft.com
Melanie Hardacre,mhardacre,melanie.hardacre@yamosoft.com
Paul Vance,pvance,paul.vance@yamosoft.com
Owen Mathis,omathis,owen.mathis@yamosoft.com
Andrea Robertson,arobertson,andrea.robertson@yamosoft.com
Phil Johnston,pjohnston,phil.johnston@yamosoft.com
Nicholas Hunter,nhunter,nicholas.hunter@yamosoft.com
Liam Avery,lavery,liam.avery@yamosoft.com
Fiona Alsop,falsop,fiona.alsop@yamosoft.com
Keith Dyer,kdyer,keith.dyer@yamosoft.com
Dominic King,dking,dominic.king@yamosoft.com
Keith Murray,kmurray,keith.murray@yamosoft.com
Melanie Jones,mjones,melanie.jones@yamosoft.com